"","taxon","lfc_(Intercept)","lfc_statusRef","se_(Intercept)","se_statusRef","W_(Intercept)","W_statusRef","p_(Intercept)","p_statusRef","q_(Intercept)","q_statusRef","diff_(Intercept)","diff_statusRef","passed_ss_(Intercept)","passed_ss_statusRef"
"1","ASV10005",0.17099628870665,-0.426882820381052,0.0735540195226105,0.0892919920643427,2.3247715055747,-4.78075144827596,0.0236058534478831,1.23522195078551e-05,1,0.00245809168206316,FALSE,TRUE,TRUE,FALSE
"2","ASV10025",-0.0732309172910642,-0.0340507515820803,0.0975264535605884,0.123487565575723,-0.750882602796271,-0.275742350440946,0.454326633988598,0.783263307396728,1,1,FALSE,FALSE,FALSE,FALSE
"3","ASV10074",-0.44021787389775,0.805847876471265,0.0623597465845914,0.0893000896984972,-7.05932749903964,9.02404330378659,4.38618592553057e-09,3.7908416377071e-12,1.07022936582946e-06,1.00078219235467e-09,TRUE,TRUE,TRUE,FALSE
"4","ASV10085",-0.133631942767012,-0.408705361240529,0.077250318702429,0.0976100452473957,-1.72985620009889,-4.18712398098631,0.0857838340381087,4.88030896582864e-05,1,0.00907737467644128,FALSE,TRUE,FALSE,FALSE
"5","ASV10097",-0.734306374150507,0.69823601699094,0.0577849104554399,0.0804711020576041,-12.7075800302011,8.67685416425784,5.69195985928658e-17,2.13051422348226e-11,1.58236484088167e-14,5.5606421232887e-09,TRUE,TRUE,TRUE,FALSE
"6","ASV10222",-0.0846052365945071,0.54669147947627,0.0926416068212355,0.137056512630821,-0.913253121329862,3.98880337010218,0.362337855954837,9.66768572676082e-05,1,0.0173051574509019,FALSE,TRUE,TRUE,FALSE
"7","ASV10308",-0.448201773764975,-0.381226578688879,0.0684328997590181,0.0822158835215215,-6.54950725956794,-4.63689693961734,3.04181550772667e-08,2.57044404749624e-05,7.0265938228486e-06,0.00490954813071781,TRUE,TRUE,TRUE,FALSE
"8","ASV10340",-0.277127312416253,-0.118727673869594,0.0819885201224383,0.0996109770964346,-3.38007457632365,-1.19191355541722,0.00104162567263573,0.236173503023918,0.164576856276445,1,FALSE,FALSE,TRUE,TRUE
"9","ASV10391",-0.133317217481888,0.00449378932285261,0.10446260175307,0.13001590750545,-1.2762195775769,0.0345633808129535,0.204322107933805,0.972484854859858,1,1,FALSE,FALSE,FALSE,TRUE
"10","ASV10415",0.469795995545434,-0.148005904255748,0.0721735260156547,0.0914818255434748,6.50925653048367,-1.61787222080971,1.07359046682218e-08,0.110319836995128,2.58735302504146e-06,1,TRUE,FALSE,TRUE,TRUE
"11","ASV10538",-0.449898013463584,0.105355682807123,0.0755736996797161,0.0954765837920285,-5.95310293621018,1.10347143375609,1.27529032507869e-07,0.274019669565187,2.86940323142705e-05,1,TRUE,FALSE,TRUE,TRUE
"12","ASV10601",0.0540916047411793,0.00462188705200647,0.128784037951784,0.157660592721446,0.420017927698701,0.0293154235451366,0.674905901580177,0.976641134408049,1,1,FALSE,FALSE,FALSE,TRUE
"13","ASV10659",-0.0882006660288864,0.190570847032779,0.0964650993921194,0.115292447020421,-0.914327218700734,1.65293435916947,0.362116969576651,0.100585041179645,1,1,FALSE,FALSE,FALSE,TRUE
"14","ASV10682",-0.528195749006399,0.575408677559666,0.0687975776678595,0.085550479746101,-7.67753410674456,6.72595500653391,4.65234084570626e-10,1.47497851000774e-08,1.16308521142657e-07,3.46619949851818e-06,TRUE,TRUE,TRUE,FALSE
"15","ASV10699",0.0507374188291564,0.0212438007054707,0.0979969278300632,0.124320974487976,0.51774499418125,0.170878653364524,0.605384003492845,0.864544954010426,1,1,FALSE,FALSE,FALSE,TRUE
"16","ASV10757",0.0714746938401701,0.571439345875983,0.114018521983552,0.153213665779998,0.626869148948279,3.72968914337264,0.531452853267898,0.000249028608714946,1,0.0423348634815409,FALSE,TRUE,FALSE,FALSE
"17","ASV10773",-0.374908009358017,0.956636307039238,0.0754068538283687,0.093963359854755,-4.97180283122983,10.1809504100106,6.62594239456337e-06,2.37765436418899e-14,0.00131856253651811,6.53854950151971e-12,TRUE,TRUE,TRUE,FALSE
"18","ASV10777",0.235073961330684,0.262278899921973,0.0695606752700169,0.0905445943256851,3.37940884584842,2.89668203690402,0.00120640782666279,0.00506892340962096,0.189406028786058,0.709649277346935,FALSE,FALSE,FALSE,TRUE
"19","ASV10798",0.138974918303005,0.312652953201868,0.119016719836469,0.159732814912793,1.16769239224504,1.95734954882353,0.24412951749372,0.0515055354392866,1,1,FALSE,FALSE,FALSE,TRUE
"20","ASV10818",-0.168424474057487,0.87932612577026,0.0726157987939426,0.0943815483434024,-2.31939160423498,9.31671646846561,0.0234306363126736,1.04020857904459e-13,1,2.82936733500128e-11,FALSE,TRUE,FALSE,TRUE
"21","ASV10906",0.582856101556124,0.366128683281962,0.0765068141558181,0.104730577856709,7.61835541039582,3.49591008447307,1.6774431691237e-12,0.000601883738117743,4.36135223972162e-10,0.0950976306226035,TRUE,FALSE,FALSE,TRUE
"22","ASV10967",0.222358896812963,0.101116775785237,0.0650166869179439,0.0824711189120792,3.42002810899296,1.22608710927077,0.00128700929963781,0.226147155454532,0.200773450743498,1,FALSE,FALSE,TRUE,TRUE
"23","ASV10978",-0.779965656335869,0.429630828615411,0.0745548707928064,0.0885719309720065,-10.4616324599831,4.85064313152659,3.76552984164638e-15,9.10482368018814e-06,1.02798964676946e-12,0.00183917438339801,TRUE,TRUE,TRUE,FALSE
"24","ASV10993",-0.501982432574496,0.356412169378623,0.0662918017645828,0.090131497969793,-7.57231541778196,3.95435754876805,1.67885255091471e-10,0.000192123267779298,4.26428547932336e-08,0.0332373253258185,TRUE,TRUE,TRUE,FALSE
"25","ASV11028",-0.0452351585240683,0.500181782325207,0.0976562512921672,0.141962372767255,-0.463208017157387,3.52334053436291,0.643807718668852,0.000547466382755159,1,0.0875946212408254,FALSE,FALSE,TRUE,TRUE
"26","ASV11052",0.513680383237467,-0.996611963342412,0.094353210209794,0.114728958562864,5.44422793983692,-8.68666442915837,7.48684794330601e-07,1.11102886863363e-12,0.000160967230781079,2.97755736793813e-10,TRUE,TRUE,TRUE,FALSE
"27","ASV11102",0.528036589821733,-0.434666948640393,0.0786964280907309,0.0934851805919773,6.70979106209176,-4.64958131211756,1.68241560544222e-09,1.13498018627072e-05,4.13874238938785e-07,0.00228131017440416,TRUE,TRUE,TRUE,FALSE
"28","ASV1122",0.0273259266421915,0.245222672367634,0.104890055325767,0.129098678726407,0.260519708539792,1.89949792505099,0.794759060317211,0.0590893474434442,1,1,FALSE,FALSE,FALSE,TRUE
"29","ASV11239",0.772968817794071,-0.0968198027415342,0.0925866834886795,0.11513099768999,8.34859602556756,-0.840953389479332,1.13187672159252e-14,0.401378346375558,3.05606714829981e-12,1,TRUE,FALSE,FALSE,TRUE
"30","ASV1129",-0.171002056540807,0.0766210643624563,0.0802093887991413,0.103882742731298,-2.13194563754908,0.737572597218035,0.0349999971126559,0.462178966309485,1,1,FALSE,FALSE,TRUE,TRUE
"31","ASV11294",-0.397482509999178,1.07352470197398,0.080466442430064,0.103182420272478,-4.93973012842768,10.4041434494275,8.81452224275926e-06,3.28360251360755e-14,0.00171883183733806,8.96423486214861e-12,TRUE,TRUE,TRUE,FALSE
"32","ASV11339",-0.220456869908919,0.301395876487786,0.0699660483344928,0.101812504525736,-3.15091212319098,2.96030313655234,0.00223984835194458,0.00397083469560699,0.338217101143631,0.5678293614718,FALSE,FALSE,TRUE,FALSE
"33","ASV11476",0.471573300142591,-0.234981411039269,0.132377696778841,0.168694843816922,3.56233196087732,-1.39293771950899,0.000420529003565929,0.164556811515335,0.0702283435955102,1,FALSE,FALSE,TRUE,TRUE
"34","ASV1149",-0.278632980617174,0.141405128895453,0.0844491504826891,0.102483131722525,-3.29941721171357,1.37978930306608,0.00129326569151571,0.170351785181807,0.200773450743498,1,FALSE,FALSE,TRUE,TRUE
"35","ASV11496",0.249567717931282,0.178221104697511,0.132376440997718,0.16033669060098,1.88528801688803,1.1115428666358,0.060437491436669,0.267298577632667,1,1,FALSE,FALSE,FALSE,TRUE
"36","ASV11568",0.203842837393053,-0.0997202460828748,0.0931629990414104,0.113457033449271,2.18802356612035,-0.878925202353913,0.0311468069476537,0.381683087297143,1,1,FALSE,FALSE,TRUE,TRUE
"37","ASV11678",0.0641815763889487,-0.124935026816855,0.0986399524455344,0.128537489917514,0.650665118927218,-0.971973444456,0.515901051876275,0.332067397217974,1,1,FALSE,FALSE,FALSE,TRUE
"38","ASV11693",-0.469850887346553,0.00370470964557434,0.0738285006870848,0.088836117578539,-6.36408545445033,0.0417027414812342,1.10426947796909e-08,0.966838293870462,2.65024674712582e-06,1,TRUE,FALSE,TRUE,TRUE
"39","ASV11715",-0.562162767949544,0.299317030121799,0.0814186045737971,0.106980536962512,-6.90459841325339,2.79786434635944,1.83237273480244e-10,0.00590283996252235,4.63590301905016e-08,0.820494754790607,TRUE,FALSE,TRUE,FALSE
"40","ASV11748",0.00458154715322027,-0.319391371930464,0.0873175353167714,0.116320121479146,0.0524699550508301,-2.74579640967555,0.958207672907513,0.00659818902546776,1,0.910550085514551,FALSE,FALSE,FALSE,FALSE
"41","ASV11902",0.170526677804782,-0.201283408653032,0.11722614454895,0.148815915347339,1.45468127831821,-1.35256641188701,0.14738193909421,0.177776722553688,1,1,FALSE,FALSE,FALSE,TRUE
"42","ASV11934",-0.0844563100787152,0.00132764108776024,0.0728544720515332,0.0927587626136998,-1.15924675178451,0.0143128374112675,0.25110600785247,0.988629518665561,1,1,FALSE,FALSE,FALSE,TRUE
"43","ASV12083",0.0126132657242452,0.238154459289519,0.106408918509644,0.135725388919669,0.118535794752035,1.75467877591034,0.905795631207478,0.0812775809746982,1,1,FALSE,FALSE,FALSE,FALSE
"44","ASV12199",0.604437841998144,-0.836672660388089,0.0941004192152149,0.117410514843828,6.42332783465872,-7.12604540999566,3.86906620506105e-09,1.30544892195408e-10,9.47921220239957e-07,3.32889475098289e-08,TRUE,TRUE,TRUE,FALSE
"45","ASV12206",0.0432329359912243,-0.315920489875807,0.0924084807970414,0.115570386073775,0.467845977104392,-2.73357648623012,0.64119932518064,0.00774894591011773,1,1,FALSE,FALSE,FALSE,FALSE
"46","ASV12232",0.148857440866622,-0.167396633060187,0.0825217267472523,0.108052297869789,1.80385756253674,-1.5492186317214,0.0740673192372642,0.124281938772971,1,1,FALSE,FALSE,FALSE,TRUE
"47","ASV12293",-0.320405512755937,0.0486434172414595,0.0636704237293958,0.0787915730603766,-5.03225036035076,0.61736827114982,6.92532755006292e-06,0.539850362924867,0.00137121485491246,1,TRUE,FALSE,TRUE,TRUE
"48","ASV1230",0.15077429876255,-0.0841920726704787,0.115427515860697,0.147231192140685,1.30622492945712,-0.571835841619962,0.193339135477596,0.568230709424402,1,1,FALSE,FALSE,FALSE,FALSE
"49","ASV12665",-0.295953044158546,0.315079778846536,0.0773822465458551,0.103233909943502,-3.82455999107199,3.05209576019133,0.000249144221791239,0.00303229759313499,0.0431019503698843,0.439683151004573,TRUE,FALSE,FALSE,FALSE
"50","ASV12745",-0.344670743242947,0.4716558856592,0.0891447919069155,0.11041288849317,-3.86641480528498,4.27174664204513,0.000212493739382884,4.93681949483066e-05,0.0371864043920047,0.00913311606543672,TRUE,TRUE,TRUE,FALSE
"51","ASV12826",-0.0254447194779865,-0.455144638532416,0.0956362789241128,0.110293668748119,-0.266057188383258,-4.12666151827665,0.790688728659998,7.14299424532452e-05,1,0.0129288195840374,FALSE,TRUE,FALSE,FALSE
"52","ASV1284",0.362174242488408,-0.824299967988708,0.100094840284958,0.123103490376684,3.61831080860253,-6.69599184772452,0.000425479878066346,6.0844136667157e-10,0.0705913209754581,1.52110341667892e-07,FALSE,TRUE,TRUE,FALSE
"53","ASV12986",0.0556234438095473,-0.0265550530338134,0.0614703647461308,0.0836610073603471,0.904882280091699,-0.317412542254419,0.36881912081267,0.751932588876735,1,1,FALSE,FALSE,FALSE,TRUE
"54","ASV13009",0.960716653502688,-0.00587538990552963,0.0587426000008266,0.0852311810791707,16.3546838834027,-0.0689347470155555,3.94789938006014e-28,0.945201591112165,1.15278661897756e-25,1,TRUE,FALSE,FALSE,FALSE
"55","ASV13012",0.874413385218087,-0.00186200560061895,0.0551650495557125,0.078461910934059,15.8508583289678,-0.0237313312721101,1.15488703300129e-23,0.981141921664914,3.34917239570374e-21,1,TRUE,FALSE,FALSE,FALSE
"56","ASV13342",-0.0565420181737446,0.594080248103908,0.0605510069751174,0.0771462128014759,-0.933791542013162,7.70070527807611,0.353921207633154,1.08669849426245e-10,1,2.78194814531188e-08,FALSE,TRUE,FALSE,FALSE
"57","ASV13432",-0.246760266560022,-0.104906124066082,0.0782286027093411,0.0974697628081529,-3.15434838427144,-1.07629403256645,0.0024654119556584,0.285900201605565,0.36981179334876,1,FALSE,FALSE,TRUE,TRUE
"58","ASV13535",-0.893602606553109,1.34066301791401,0.0899307344842657,0.124788840502988,-9.93656519851346,10.7434528000275,3.60051112939439e-17,4.5937141856857e-19,1.00454260510103e-14,1.31380225710611e-16,TRUE,TRUE,FALSE,TRUE
"59","ASV13581",-0.408949057044378,0.425028173809232,0.065611844538744,0.0897331301572064,-6.2328541427134,4.73658026934546,1.02318441648826e-07,1.89706005128912e-05,2.32262862542835e-05,0.00373720830103956,TRUE,TRUE,TRUE,FALSE
"60","ASV13608",-0.15173187901015,0.301869533000376,0.0961903502764868,0.120560992038978,-1.57741268821682,2.50387399684617,0.116835658407654,0.0133691443114436,1,1,FALSE,FALSE,FALSE,FALSE
"61","ASV13657",0.220055056878568,0.634315503724694,0.100327275258895,0.126239098823015,2.19337220422577,5.02471508145028,0.0299798529116805,1.55780789171413e-06,1,0.000334928696718538,FALSE,TRUE,FALSE,FALSE
"62","ASV13668",0.104681376809219,-0.0505205794631788,0.0733902545277797,0.0953518858753989,1.42636617740023,-0.529833038952125,0.159314118086538,0.598322174055953,1,1,FALSE,FALSE,FALSE,TRUE
"63","ASV13703",-1.00062474197832,1.36607492391739,0.0600131378718135,0.0839746021857663,-16.6734281436114,16.2677153372563,1.33235800239916e-21,3.65139613128265e-21,3.8238674668856e-19,1.0516020858094e-18,TRUE,TRUE,TRUE,FALSE
"64","ASV13720",0.152401851266321,0.425543590684476,0.086352121664639,0.118054267301086,1.7648883238584,3.60464386771524,0.0793169550369002,0.000406767611398566,1,0.0658963530465678,FALSE,FALSE,TRUE,FALSE
"65","ASV13736",-0.31819021203546,0.858470459747782,0.0800782745464136,0.100880464923152,-3.97348986148592,8.50977897853407,0.000232231176433165,3.20827240311615e-11,0.0404082246993706,8.30942552407082e-09,TRUE,TRUE,TRUE,FALSE
"66","ASV13783",-0.362195183449521,0.381530655573028,0.0666178807040874,0.0871640145337734,-5.43690642244189,4.37715790872845,1.08727817664133e-06,4.98204646160931e-05,0.000230502973447963,0.00913311606543672,TRUE,TRUE,TRUE,FALSE
"67","ASV13826",0.129316618490634,0.389602344808178,0.0687884521796227,0.0884304894928229,1.879917550012,4.40574678533017,0.0637596160351207,3.2388020867091e-05,1,0.00612133594388021,FALSE,TRUE,FALSE,FALSE
"68","ASV13837",-0.218589104347466,0.758728282744332,0.0747426543110466,0.0958010522466651,-2.92455635088624,7.91983245435328,0.00440929144366439,7.68166369436291e-12,0.639347259331337,2.02027755161745e-09,FALSE,TRUE,FALSE,FALSE
"69","ASV13882",-0.418692827375569,0.645380890543815,0.086403102082755,0.117129382978967,-4.84580781572581,5.50998284230444,3.77904043133126e-06,2.05715103892476e-07,0.000767145207560246,4.62858983758071e-05,TRUE,TRUE,TRUE,FALSE
"70","ASV14024",-0.590484125550666,0.30673090599916,0.0689580728846467,0.0926682615876309,-8.56294413184124,3.30998877872661,5.32948233049661e-13,0.00138809767545416,1.40165385292061e-10,0.213767042019941,TRUE,FALSE,TRUE,FALSE
"71","ASV14055",-0.271658971529486,0.584812598886099,0.0622987967740369,0.0827420115880646,-4.36058135303666,7.06790405093871,6.83219846736751e-05,5.78642438537262e-09,0.0122979572412615,1.37716900371868e-06,TRUE,TRUE,FALSE,TRUE
"72","ASV14060",0.018708009812154,0.362277114737818,0.0983778685906616,0.132326512131156,0.190164821419295,2.73775155789449,0.849360240918259,0.00670677148673374,1,0.918827693682522,FALSE,FALSE,FALSE,FALSE
"73","ASV14095",0.014323473249569,0.230009808300134,0.0729657530508586,0.0948132411783034,0.19630405567918,2.42592495986487,0.844758978914776,0.0170080874448881,1,1,FALSE,FALSE,FALSE,TRUE
"74","ASV14097",-0.324376680797824,0.623627844161243,0.0602016090614989,0.0831001838748299,-5.38817293847508,7.5045302559208,1.597493878387e-06,6.24829884830128e-10,0.000335473714461271,1.55582641322702e-07,TRUE,TRUE,FALSE,FALSE
"75","ASV14098",-0.0826180709345431,0.68578449905954,0.0826261989758489,0.103693927188087,-0.999901628764162,6.61354543758012,0.319108174897452,7.60231405959999e-10,1,1.8853738867808e-07,FALSE,TRUE,FALSE,FALSE
"76","ASV14118",-0.583290745440712,0.674746672948542,0.0670727727461624,0.0841513855193874,-8.69638635110825,8.01824793238952,3.81158468754986e-13,8.03323171257454e-12,1.01006994220071e-10,2.10470670869453e-09,TRUE,TRUE,TRUE,FALSE
"77","ASV14129",0.152823206761313,0.114632249908398,0.10750370655503,0.13005357093218,1.42156221081628,0.881423317228068,0.156380029592152,0.378922044405201,1,1,FALSE,FALSE,FALSE,TRUE
"78","ASV14156",0.590210321817319,0.131149800597267,0.0533622874827524,0.0729629188190304,11.0604389290486,1.79748566422565,6.38418699565597e-15,0.0784221137945388,1.73649886281842e-12,1,TRUE,FALSE,TRUE,TRUE
"79","ASV14162",0.35961050516214,0.394133866680285,0.0544950685522174,0.0734324960929449,6.59895500117702,5.36729496681444,1.58801499527099e-08,1.584493783197e-06,3.77947568874495e-06,0.000339081669604158,TRUE,TRUE,TRUE,FALSE
"80","ASV14169",-0.0566630243477662,0.762815123034946,0.0768035826891585,0.116080415578159,-0.737765379736181,6.57143687189274,0.461865958921037,8.65154693900536e-10,1,2.12828054699532e-07,FALSE,TRUE,TRUE,TRUE
"81","ASV14365",-0.450327487694462,0.882627229153011,0.0718915412291256,0.0982171469902149,-6.26398432966157,8.98648816627655,6.86306950769942e-08,3.07755364365613e-12,1.56477984775547e-05,8.15551715568874e-10,TRUE,TRUE,TRUE,FALSE
"82","ASV14500",-0.0638500622342517,0.843711731801584,0.0696525843462797,0.0969433321051365,-0.916693369435073,8.70314351157814,0.361173059814309,2.28048017212276e-14,1,6.29412527505883e-12,FALSE,TRUE,TRUE,TRUE
"83","ASV14512",0.0563055186711264,0.696263670558136,0.0900190665295985,0.116903210814172,0.625484365055185,5.95589860799384,0.532392111010963,1.20352526066356e-08,1,2.85235486777264e-06,FALSE,TRUE,TRUE,FALSE
"84","ASV14549",0.106291166267283,0.795113724574586,0.118790265950627,0.162233151981927,0.894780101860038,4.9010557636405,0.371570924641441,1.51132951353467e-06,1,0.000326447174923488,FALSE,TRUE,FALSE,FALSE
"85","ASV14572",0.146405472165114,0.299696654281737,0.0586930986475209,0.0808168556168146,2.49442397042872,3.70834341418478,0.0147304235689499,0.000388712371265425,1,0.0633601165162642,FALSE,FALSE,FALSE,TRUE
"86","ASV14583",-0.531476371456763,1.32424398771691,0.0568379547876706,0.0835729561961818,-9.35073004372162,15.8453649121654,4.15033341840769e-13,1.51554589080698e-22,1.09568802245963e-10,4.4102385422483e-20,TRUE,TRUE,FALSE,TRUE
"87","ASV14641",0.23572391185256,0.553865736626316,0.089558680433601,0.116247486952962,2.63206102090043,4.76453944204771,0.00920757801974562,3.82932737108452e-06,1,0.00080415874792775,FALSE,TRUE,FALSE,TRUE
"88","ASV14644",0.20659776754336,0.414627639058,0.0544077488979882,0.075598767548089,3.79721219362926,5.48458199129042,0.000327862398814152,7.54161542553371e-07,0.0550808830007776,0.000165915539361742,FALSE,TRUE,FALSE,FALSE
"89","ASV14691",0.400805650457467,0.381249901717753,0.0696904564042307,0.096524527548597,5.75122722877066,3.94977226410982,3.33279606595441e-07,0.000211323589627028,7.29882338444015e-05,0.0363476574158489,TRUE,TRUE,FALSE,TRUE
"90","ASV14740",-0.0257058981118104,-0.106279372456284,0.086067704630564,0.104301264711394,-0.298670659594677,-1.0189653284681,0.765928962397366,0.311145273970698,1,1,FALSE,FALSE,FALSE,TRUE
"91","ASV14767",-0.232006020601893,0.799393854252605,0.0720192674646783,0.0949993570964807,-3.2214437714974,8.41472909591111,0.00181532314313138,8.93323642631697e-13,0.275929117755969,2.4209070715319e-10,FALSE,TRUE,FALSE,TRUE
"92","ASV14777",0.0804477427741972,0.222583885521363,0.0715136283668958,0.0981180917667089,1.12492883680109,2.26853051780288,0.262921668637676,0.0251305683050319,1,1,FALSE,FALSE,FALSE,FALSE
"93","ASV14871",0.661533608400748,0.373796166665832,0.0648820920216754,0.0874583994064531,10.1959352386441,4.27398819556092,1.82634125160705e-16,4.94323161178303e-05,5.05896526695153e-14,0.00913311606543672,TRUE,TRUE,TRUE,FALSE
"94","ASV14897",0.114353000001767,-0.127348761076655,0.103794707478742,0.123929990180771,1.10172284097613,-1.02758630813169,0.271874010326064,0.305355402604474,1,1,FALSE,FALSE,FALSE,TRUE
"95","ASV1493",0.514229247734172,-0.768481240657734,0.0991886083311318,0.119682512106331,5.18435792563463,-6.42099858310946,1.10129057188521e-06,4.34705374125575e-09,0.00023237231066778,1.03894584416012e-06,TRUE,TRUE,TRUE,FALSE
"96","ASV14932",0.0833391750445597,0.284101156709494,0.0649634734850445,0.0857661451040603,1.28286205422414,3.31250933995918,0.205700517450221,0.00176293947221402,1,0.266203860304316,FALSE,FALSE,FALSE,FALSE
"97","ASV14985",0.593749518804792,0.402945855439952,0.0643203579435288,0.0814058090720752,9.23112895805221,4.94984154119998,9.04414771952809e-13,7.40277913641191e-06,2.36052255479683e-10,0.00150276416469162,TRUE,TRUE,TRUE,FALSE
"98","ASV15159",0.111825695473525,0.114265559718983,0.0715768031307379,0.0944080717977115,1.56231754677938,1.21033675980397,0.121885734906153,0.229465779341379,1,1,FALSE,FALSE,FALSE,TRUE
"99","ASV15170",0.435292935543595,-0.0142809666961231,0.0894346404074754,0.114381202786182,4.86716258443425,-0.124854139913349,2.42636341170414e-06,0.900775325803479,0.000507109953046165,1,TRUE,FALSE,TRUE,TRUE
"100","ASV15252",0.0294324536529465,0.649014392304319,0.102506739128028,0.140484194383496,0.287127011387868,4.61983922926326,0.774316853807492,6.92767010734827e-06,1,0.00141324470189905,FALSE,TRUE,TRUE,FALSE
"101","ASV15320",-0.112056544989564,0.65773474206441,0.0712957265123698,0.0975217740862718,-1.57171475025397,6.74449114802352,0.119525863993576,1.43572816593334e-09,1,3.48881944321803e-07,FALSE,TRUE,TRUE,TRUE
"102","ASV15354",-0.14770608736459,0.937672243901262,0.0698825152526067,0.0915237960474139,-2.11363438809653,10.2451196781163,0.0383303474403048,2.82976246460154e-15,1,7.86673965159229e-13,FALSE,TRUE,FALSE,TRUE
"103","ASV15377",-0.0825816996151712,0.710828619301671,0.124795149522407,0.165572418763735,-0.661738055775504,4.29315839322244,0.50873430203746,2.50148308779618e-05,1,0.00480284752856866,FALSE,TRUE,FALSE,FALSE
"104","ASV15437",0.320886247713364,0.728132266804693,0.0645847617212831,0.0895662858040322,4.96845136780338,8.12953512885216,2.69344287447896e-06,1.01242663278425e-12,0.000560236117891623,2.72342764218963e-10,TRUE,TRUE,FALSE,TRUE
"105","ASV15447",0.580024131278775,0.269948430612398,0.0548768573939006,0.0779604244470585,10.569558076466,3.46263418301058,6.48148865905462e-16,0.000936488708447223,1.78240938124002e-13,0.147028727226214,TRUE,FALSE,FALSE,TRUE
"106","ASV15496",-0.045751416041168,0.0164997689153434,0.082783432794948,0.104221577866451,-0.552663914704925,0.158314326582985,0.581521580147326,0.874475230059097,1,1,FALSE,FALSE,FALSE,TRUE
"107","ASV16296",-0.711173248658159,0.611330367837202,0.0682933084314131,0.0873916064906105,-10.4135129047437,6.99529843181089,5.18085244922246e-16,1.12766869778033e-09,1.4299152759854e-13,2.75151162258401e-07,TRUE,TRUE,TRUE,FALSE
"108","ASV1634",-0.373893467193874,0.37517494757591,0.0797143309273333,0.100636455627408,-4.69041717899772,3.72802226824186,1.07518337374373e-05,0.000353825564754194,0.00207510391132541,0.058381218184442,TRUE,FALSE,TRUE,FALSE
"109","ASV16455",-0.309822467417269,0.390078978680756,0.0641737002684687,0.0883816117516546,-4.82787288439246,4.41357620606476,7.23778071446445e-06,3.40345010230611e-05,0.0014258428007495,0.00639848619233548,TRUE,TRUE,FALSE,FALSE
"110","ASV16517",0.150704462515665,-0.0467367908590646,0.0875910356769577,0.111353025140897,1.7205466444246,-0.419717298204766,0.087676388142661,0.675374321997216,1,1,FALSE,FALSE,FALSE,TRUE
"111","ASV16524",-0.103311868908565,-0.0189747071955299,0.0941946806040976,0.116106960627956,-1.09679090417841,-0.16342437260356,0.274158416767779,0.870362704648387,1,1,FALSE,FALSE,FALSE,TRUE
"112","ASV16532",-0.989722006321364,1.23139355094973,0.0683004146255212,0.0877132384523676,-14.4907173953164,14.0388563080867,1.41789096169289e-21,6.4339131450637e-21,4.05516815044166e-19,1.84653307263328e-18,TRUE,TRUE,TRUE,FALSE
"113","ASV16541",-0.556890464623817,0.576353893187404,0.0703751888151579,0.086691569676469,-7.91316476729466,6.6483268827447,1.20819697340871e-10,1.41962454403052e-08,3.08090228219221e-08,3.35031392391202e-06,TRUE,TRUE,TRUE,FALSE
"114","ASV16548",-0.792013096496183,0.786862406922205,0.0756031278309833,0.0959567582791347,-10.4759302851436,8.20017704884581,1.6140922505206e-14,5.36626614393087e-11,4.34190815390041e-12,1.37913039899023e-08,TRUE,TRUE,TRUE,FALSE
"115","ASV16553",-0.766873953014738,0.734117190907677,0.0612127302022596,0.0815944793383668,-12.5280141970604,8.99714290550643,1.80085831923893e-17,2.96168301126843e-12,5.04240329386899e-15,7.87807680997403e-10,TRUE,TRUE,TRUE,FALSE
"116","ASV16587",-0.364916957201403,0.355928502179884,0.0655041059829308,0.0914190611127456,-5.57090203317169,3.89337297766517,1.06469147177943e-06,0.000299084808367853,0.000226779283489019,0.0499471629974315,TRUE,TRUE,FALSE,TRUE
"117","ASV16671",-0.742769271429529,1.13334911088415,0.0592576020437487,0.0824164573506397,-12.5345819913732,13.7514902644059,1.87599285567226e-19,1.90409928888272e-21,5.3278197101092e-17,5.50284694487107e-19,TRUE,TRUE,FALSE,TRUE
"118","ASV16686",0.0282434420184834,0.213878610178576,0.100134255472795,0.127151245053722,0.282055744910958,1.6820803452472,0.778277017890471,0.0945668073061512,1,1,FALSE,FALSE,FALSE,TRUE
"119","ASV16777",0.0463761774059396,-0.156611742130631,0.0926814359623995,0.122381423723466,0.500382594684379,-1.2797019136214,0.617520031287516,0.2025745259585,1,1,FALSE,FALSE,FALSE,TRUE
"120","ASV16783",-0.163155504682945,-0.441304162572355,0.0689481141635531,0.0914935335304747,-2.36635195410741,-4.82333718617791,0.0202378428857831,6.13501250272621e-06,1,0.0012638125755616,FALSE,TRUE,TRUE,FALSE
"121","ASV16819",-0.191795084124998,0.507341021229275,0.076110805650021,0.0970224369889376,-2.51994552530329,5.22911026536184,0.0131864418390937,8.29574499069541e-07,1,0.000181676815296229,FALSE,TRUE,TRUE,FALSE
"122","ASV1690",-0.115281419501657,0.124770645819527,0.0938489375328431,0.113920265203066,-1.22837213219716,1.09524539463738,0.221953005315895,0.275823318248998,1,1,FALSE,FALSE,FALSE,FALSE
"123","ASV16909",-0.0134511814912194,0.39199883362912,0.0722830443010723,0.096420532773336,-0.18609041195322,4.06551200614733,0.853012203898053,0.000143862736506823,1,0.0250321161521871,FALSE,TRUE,FALSE,FALSE
"124","ASV1691",-0.303550222918617,0.594534771919716,0.0635510180077205,0.0811047276367451,-4.77648088787091,7.33045765941711,1.65752804704244e-05,2.04426538934263e-09,0.00314930328938065,4.94712224220917e-07,TRUE,TRUE,TRUE,FALSE
"125","ASV16981",0.109914080299087,-0.0579334241174817,0.100853443115096,0.134161166685867,1.08983964160402,-0.431819620748607,0.277156857900251,0.666359575801851,1,1,FALSE,FALSE,FALSE,TRUE
"126","ASV17054",0.543161759827486,-0.753919352683622,0.13352092571877,0.174631028762335,4.06798976942031,-4.31721302924734,6.17666571968844e-05,2.19742100636245e-05,0.0111797649526361,0.0043069451724704,TRUE,TRUE,TRUE,TRUE
"127","ASV1711",-0.230169035767249,0.298114979632875,0.0889390200136072,0.120686080141312,-2.58794211732976,2.47016871609227,0.0108170682926089,0.0148755110613218,1,1,FALSE,FALSE,TRUE,FALSE
"128","ASV17161",-0.103745529507837,-0.156975398704418,0.0869631094983414,0.1008838116021,-1.19298320984964,-1.55600186205842,0.236903922614405,0.124217592141624,1,1,FALSE,FALSE,FALSE,TRUE
"129","ASV17254",-0.194346721078774,-0.0777732008158623,0.0763120107171223,0.0940263906921164,-2.54673830832723,-0.827142254885927,0.0130749478259859,0.410967254130612,1,1,FALSE,FALSE,TRUE,TRUE
"130","ASV17483",-0.164658637857288,-0.225122255904214,0.0868635066316843,0.10501721994548,-1.89560201104323,-2.14366992404757,0.0611518839209637,0.0346968219086272,1,1,FALSE,FALSE,FALSE,FALSE
"131","ASV17503",-0.307185835210901,-0.125811345085309,0.0716243877404708,0.0932662678299302,-4.28884413398383,-1.3489479960185,5.09661772677381e-05,0.181256874474742,0.00927584426272833,1,TRUE,FALSE,TRUE,TRUE
"132","ASV17698",-0.227957520086436,0.614092061522636,0.0634842735917845,0.0824263666283508,-3.59077149645351,7.45018962550531,0.00050309730542083,2.74005895766321e-11,0.0825079580890161,7.12415328992434e-09,FALSE,TRUE,FALSE,TRUE
"133","ASV17763",-0.0986221148227116,-0.614621181698033,0.0656366143320103,0.0845111436431928,-1.50254725699059,-7.27266435173297,0.137329336748044,3.46295029134994e-10,1,8.72663473420186e-08,FALSE,TRUE,FALSE,FALSE
"134","ASV17880",0.12426533077151,0.564226816293468,0.103333591697793,0.146306302712826,1.20256471036963,3.85647648687389,0.230112416699411,0.000141361738090086,1,0.0247383041657651,FALSE,TRUE,TRUE,TRUE
"135","ASV17908",-0.366835552536549,0.553871847857121,0.0783405715268438,0.0950894317189941,-4.6825743722185,5.82474663949943,1.02248009103753e-05,9.1883531791902e-08,0.00198361137661281,2.09494452485537e-05,TRUE,TRUE,FALSE,FALSE
"136","ASV17939",0.00138391548093198,0.266416374932894,0.0553053150976855,0.0801332309386074,0.0250231913241534,3.32466782896853,0.980106662837811,0.00140302572919569,1,0.214662936566941,FALSE,FALSE,FALSE,TRUE
"137","ASV18087",0.0599627178919732,-0.00922719205203019,0.101615015889544,0.135455964451323,0.590097018310295,-0.0681194961728398,0.555841816894423,0.945763682998491,1,1,FALSE,FALSE,FALSE,TRUE
"138","ASV18180",-0.159369031024388,0.155173266950706,0.0986068123775355,0.129966401348792,-1.61620710762064,1.19394909253712,0.108164894803836,0.234395250021676,1,1,FALSE,FALSE,FALSE,TRUE
"139","ASV18270",-0.0242495918863368,0.330060414251742,0.104002579006888,0.1394550935215,-0.233163370734593,2.36678636769087,0.815911794974642,0.0190552786277969,1,1,FALSE,FALSE,FALSE,FALSE
"140","ASV18416",0.036120643011221,-0.0086282411322412,0.0685846576641946,0.0842869306937952,0.526657772180996,-0.102367485222432,0.600439719960742,0.918818094803568,1,1,FALSE,FALSE,FALSE,TRUE
"141","ASV18666",0.144118606397081,0.119682943472151,0.100093759956237,0.1233285728236,1.43983607429766,0.970439702106476,0.15160381069194,0.333094423597244,1,1,FALSE,FALSE,FALSE,TRUE
"142","ASV18688",0.456559903648649,-0.523111725961592,0.119710022432998,0.150176563283611,3.81388203234349,-3.48331134048983,0.000171365225682773,0.000581967601726022,0.0301602797201681,0.0925328486744374,TRUE,FALSE,TRUE,FALSE
"143","ASV18753",0.0491431803959978,-0.0695962338094817,0.114091346770247,0.141824672124453,0.43073538692606,-0.490720216496676,0.667206408301014,0.624257172341403,1,1,FALSE,FALSE,FALSE,TRUE
"144","ASV18886",-0.543841062090434,-0.0817233460384806,0.0597612094098714,0.078085070723715,-9.10023521044408,-1.04659373784316,6.69633355338067e-13,0.299484983031559,1.75443939098573e-10,1,TRUE,FALSE,TRUE,TRUE
"145","ASV18887",-0.38006825589797,0.25823415989378,0.0841817206667758,0.099376982088795,-4.5148549220374,2.59853091194743,1.3739769582412e-05,0.0104102683333931,0.00263803575982311,1,TRUE,FALSE,TRUE,FALSE
"146","ASV18914",0.463431163869657,-0.595232527411078,0.0956343488512352,0.118215907880921,4.84586520885452,-5.0351305342988,2.97253063775676e-06,1.28174635358015e-06,0.00061531384201565,0.000279420705080473,TRUE,TRUE,TRUE,TRUE
"147","ASV18923",-0.230890745071512,0.807277431226227,0.0591525244953562,0.0882037843211396,-3.90331176972233,9.15241264804495,0.000265440773731212,1.42771373796515e-12,0.0456558130817684,3.81199568036696e-10,TRUE,TRUE,TRUE,FALSE
"148","ASV18943",0.605611457702425,0.0559980485908378,0.0650783024024752,0.0863695311642331,9.30588898826886,0.648354203571588,3.47157493883073e-14,0.518710056867805,9.26910508667806e-12,1,TRUE,FALSE,TRUE,TRUE
"149","ASV18995",-0.563429363780056,0.372016375207277,0.0681386538409268,0.0874341116746816,-8.26886549733447,4.25481963597284,1.70651152800108e-11,7.44988192838058e-05,4.40279974224279e-09,0.013409787471085,TRUE,TRUE,TRUE,FALSE
"150","ASV19010",-0.236026211357619,0.534223931833802,0.0693926052285509,0.0874601182792058,-3.4013164742878,6.10820042717478,0.000986241668129549,2.25790964776133e-08,0.157798666900728,5.2609294792839e-06,FALSE,TRUE,TRUE,FALSE
"151","ASV19091",0.3878230201572,0.249544300962473,0.138759867671441,0.17873087468761,2.79492209574239,1.39620141958479,0.00542301639740956,0.163372528743912,0.775491344829567,1,FALSE,FALSE,TRUE,TRUE
"152","ASV19135",-0.12897703811529,0.329381697245216,0.0802623023265511,0.099360484519832,-1.60694416153851,3.31501701946182,0.110550086433417,0.00119470222283319,1,0.186373546761978,FALSE,FALSE,FALSE,FALSE
"153","ASV19157",0.438393159391937,-0.0534434736777846,0.0735457795328653,0.0947018063899562,5.96082007936339,-0.564334258395442,1.91578374084128e-08,0.573423280604884,4.502091790977e-06,1,TRUE,FALSE,TRUE,TRUE
"154","ASV1916",-0.619240089300604,0.654670175173496,0.0873120147228935,0.122446315497166,-7.09226664011726,5.34658942178338,1.01999410613089e-10,4.39241784260704e-07,2.62138485275638e-08,9.75116761058762e-05,TRUE,TRUE,FALSE,FALSE
"155","ASV19255",0.246994486406315,0.0516138974288668,0.13515629493118,0.167207094088204,1.82747304912496,0.308682461771865,0.0686891119739491,0.757791810949172,1,1,FALSE,FALSE,FALSE,TRUE
"156","ASV19322",-0.269772732275484,0.381293539058463,0.0735467843917027,0.0941391934869786,-3.66804251887754,4.05031661027778,0.000425248921538904,0.000112559209473201,0.0705913209754581,0.0200355392862297,FALSE,TRUE,TRUE,FALSE
"157","ASV19326",-0.161212774010464,0.577224150795656,0.0662039102572931,0.0819263582189212,-2.43509444357488,7.04564639933359,0.0179840513182713,2.45681189201978e-09,1,5.92091665976767e-07,FALSE,TRUE,FALSE,FALSE
"158","ASV19429",0.406993780228919,0.577585279943147,0.0953824855296637,0.130415608282021,4.26696555419858,4.42880486125658,3.10247858350112e-05,1.58499557226354e-05,0.00577061016531209,0.00313829123308181,TRUE,TRUE,FALSE,TRUE
"159","ASV19432",0.35269415100232,0.587358499044186,0.0499699899377114,0.073190383495378,7.05811931205031,8.02507748960324,5.98965572525568e-09,2.01819094462748e-10,1.45548634123713e-06,5.12620499935381e-08,TRUE,TRUE,FALSE,TRUE
"160","ASV19450",0.436756885279106,0.0823784160375796,0.0796094012055299,0.0963005947298114,5.4862475871602,0.855429982220848,8.69108363088152e-07,0.395716311104492,0.000185989189700864,1,TRUE,FALSE,TRUE,TRUE
"161","ASV19461",0.411251095306459,0.395391669235008,0.060374180598369,0.0822581606384361,6.81170479219007,4.80671663657717,7.67251054860973e-09,1.22759626450486e-05,1.85674755276355e-06,0.00245519252900972,TRUE,TRUE,FALSE,TRUE
"162","ASV19519",-0.033925772037111,-0.0901695101256662,0.0643348872687547,0.091761479418333,-0.527330869414419,-0.982651006688665,0.599655358737833,0.329212330356779,1,1,FALSE,FALSE,FALSE,FALSE
"163","ASV1956",0.068874080901966,-0.115074025396968,0.101962966702759,0.12777765889602,0.675481335323899,-0.900580167074514,0.500213440032984,0.3689824284047,1,1,FALSE,FALSE,FALSE,TRUE
"164","ASV19639",0.11877529913201,0.401310354576334,0.0837228952006557,0.104681918170063,1.41867166498896,3.83361674672771,0.159410645218425,0.000232266474779542,1,0.0397175671873017,FALSE,TRUE,FALSE,FALSE
"165","ASV19655",-0.0358053348367036,0.0273248284021122,0.0683460602088107,0.0872685272319222,-0.523882938201722,0.313112060771858,0.601773089511826,0.754990532710318,1,1,FALSE,FALSE,FALSE,TRUE
"166","ASV19693",0.154824132040203,-0.138219477666828,0.108822981361511,0.136092363329518,1.42271540535979,-1.01562993165281,0.156309519799246,0.310979930104945,1,1,FALSE,FALSE,FALSE,TRUE
"167","ASV197",-0.387423208843498,-0.115717555557951,0.0684286208286672,0.0880931730502116,-5.66171295215104,-1.31358142238779,5.11563599255092e-07,0.194249982737176,0.000111009301038355,1,TRUE,FALSE,TRUE,TRUE
"168","ASV19809",0.168904851627582,-0.263588455736756,0.0813340603900266,0.103732942899142,2.07668043151445,-2.54102938150553,0.0425161005521877,0.0139034171638858,1,1,FALSE,FALSE,TRUE,FALSE
"169","ASV19836",0.11250599862338,-0.0564338347545553,0.0792915125271971,0.0909627944849477,1.4188908123652,-0.620405684259116,0.160186481758551,0.536922810814859,1,1,FALSE,FALSE,FALSE,TRUE
"170","ASV19921",0.265403691667428,-0.319971448103267,0.118609699993718,0.142015492691905,2.23762214794814,-2.25307423886087,0.0269613378465225,0.0259430708587971,1,1,FALSE,FALSE,TRUE,FALSE
"171","ASV20015",0.821204908576893,0.146599666611669,0.078524546401491,0.100104811542524,10.4579389020361,1.4644617411761,3.80009304911415e-20,0.144882651706342,1.08302651899753e-17,1,TRUE,FALSE,FALSE,TRUE
"172","ASV20185",0.22919525440221,-0.486832872568807,0.0918154761816608,0.115158799917494,2.49625949713246,-4.22749171507173,0.0139683494048319,4.76155782710304e-05,1,0.00890411313668268,FALSE,TRUE,FALSE,FALSE
"173","ASV2022",1.12066661618622,-0.578763098604256,0.0791794405230623,0.0971782049838189,14.1535051117191,-5.95568830171977,2.693946447947e-19,2.40641608299624e-07,7.62386844769e-17,5.39037202591158e-05,TRUE,TRUE,TRUE,FALSE
"174","ASV20261",0.964523639495216,-1.1978163349511,0.0872954809535478,0.118938438358169,11.0489526944523,-10.0708934091098,1.68465596414055e-18,1.81506671411452e-16,4.73388325923494e-16,5.08218679952066e-14,TRUE,TRUE,FALSE,FALSE
"175","ASV20286",0.191591814678646,0.606417325511169,0.0961198746620721,0.1296384832477,1.99325909810249,4.67775702337159,0.0472468166894731,4.60480617710629e-06,1,0.000962404491015215,FALSE,TRUE,FALSE,TRUE
"176","ASV20292",0.183694176376489,0.311692040459675,0.0786119278817077,0.0988454661768772,2.33672142798617,3.15332662705969,0.0208131784821156,0.00195982566640033,1,0.29201402429365,FALSE,FALSE,FALSE,TRUE
"177","ASV203",0.133483856910088,-0.364400339706048,0.0745149889381117,0.0970871586454014,1.79136921057524,-3.75333200384383,0.0761997327349347,0.000290286204302774,1,0.0487680823228661,FALSE,TRUE,FALSE,FALSE
"178","ASV2076",-0.567299050009847,0.423940300747935,0.0802102463639411,0.0947088839797821,-7.07265063662588,4.4762463977343,3.99503328209775e-10,2.34368583845595e-05,1.00275335380653e-07,0.00454675052660454,TRUE,TRUE,TRUE,FALSE
"179","ASV2131",0.118156492402194,-0.345082775855289,0.102162629317827,0.128483999528925,1.1565529704077,-2.68580350176289,0.249811054139959,0.00828780266947545,1,1,FALSE,FALSE,FALSE,FALSE
"180","ASV2242",0.160813493550407,0.0227682715214532,0.0858764915605156,0.100663033523459,1.87261368772948,0.22618304579652,0.0629577683461587,0.821349555793882,1,1,FALSE,FALSE,FALSE,TRUE
"181","ASV2279",-0.0465909902174342,0.125511066610288,0.078738244749657,0.0942361043734587,-0.5917199496327,1.3318787681724,0.555013310618785,0.185111589054962,1,1,FALSE,FALSE,FALSE,TRUE
"182","ASV2281",-0.0319285198546864,0.333083997362558,0.0876278540564274,0.104948375075172,-0.364364963612212,3.17378899029143,0.716010811367067,0.00176832121786727,1,0.266203860304316,FALSE,FALSE,FALSE,FALSE
"183","ASV2322",-0.0149965181043834,1.1359733888699,0.0910091435652922,0.114792522365051,-0.164780345324583,9.89588315916084,0.869398822296694,3.54218232612132e-17,1,9.98895415966211e-15,FALSE,TRUE,TRUE,FALSE
"184","ASV2388",0.489346860053563,-0.0998574747620015,0.0873364580867412,0.107218694380956,5.60300784773698,-0.931343879335076,1.59996152052778e-07,0.353733960590205,3.58391380598223e-05,1,TRUE,FALSE,TRUE,FALSE
"185","ASV2415",-0.0144550106590204,0.0348092856452057,0.100139738075731,0.116475335993108,-0.144348396918003,0.298855421608446,0.885579546187383,0.765806440885575,1,1,FALSE,FALSE,FALSE,TRUE
"186","ASV242",-0.275783624413654,0.220580217953497,0.0667896042855263,0.0861937452351397,-4.12913996667319,2.55912093565195,8.87993085146907e-05,0.0123783221596019,0.0158950762241296,1,TRUE,FALSE,TRUE,FALSE
"187","ASV244",-0.302859885385897,0.187348982572591,0.0613018768230901,0.0816592802835177,-4.94046677004547,2.29427668137807,5.89906990832614e-06,0.0250659245894713,0.00117981398166523,1,TRUE,FALSE,TRUE,FALSE
"188","ASV2448",-0.175945893735598,0.0545345434569461,0.0828235808244961,0.098403723693486,-2.12434540965367,0.5541918680518,0.0376363850945397,0.5814410554043,1,1,FALSE,FALSE,TRUE,TRUE
"189","ASV245",-0.445678807814882,-0.000113820556127753,0.0643857982829479,0.0826310504561105,-6.92200484734717,-0.00137745503051797,1.3733969675519e-09,0.998904656878596,3.3922905098532e-07,1,TRUE,FALSE,TRUE,TRUE
"190","ASV2605",-0.680203832727755,0.432590989214878,0.0667085687585615,0.0862559781580342,-10.1966485773307,5.01520008760789,8.42095768684593e-15,4.85713379635221e-06,2.28207953313525e-12,0.00101028382964126,TRUE,TRUE,TRUE,FALSE
"191","ASV2814",0.0894658643762817,-0.898577998175967,0.0799308034194254,0.0954358515632578,1.11929144396088,-9.41551820890247,0.268259822832828,9.64820378931712e-13,1,2.60501502311562e-10,FALSE,TRUE,FALSE,FALSE
"192","ASV2919",-0.634276088384246,0.305563307739848,0.0613468285573399,0.0785575762488254,-10.3391830238037,3.88967331135571,1.66672041755841e-14,0.000272998247888291,4.46681071905655e-12,0.0461367038931212,TRUE,TRUE,TRUE,FALSE
"193","ASV2929",0.147607688753566,-0.422468660462637,0.072628603848986,0.0920353765131439,2.03236302133084,-4.59028556701023,0.0467045263857865,2.42320280638886e-05,1,0.0046767814163305,FALSE,TRUE,TRUE,FALSE
"194","ASV2976",-0.19464063084373,0.115870255512749,0.0707329413659339,0.090885663394601,-2.75176780556551,1.27490135611016,0.0073300972545004,0.206034490813209,1,1,FALSE,FALSE,TRUE,TRUE
"195","ASV3016",-0.511577595554556,1.09196518439786,0.0796154994034901,0.0923010683560588,-6.42560304698824,11.8304717794329,2.86360241970151e-08,5.57173925280814e-17,6.6435576137075e-06,1.56565873003909e-14,TRUE,TRUE,TRUE,FALSE
"196","ASV3040",-0.346163715636256,0.156350472303062,0.0743278696553685,0.0943673679917374,-4.65725329195216,1.65682773219606,8.23203471707193e-06,0.10012391063651,0.0016134788045461,1,TRUE,FALSE,TRUE,TRUE
"197","ASV3085",-0.329572630021622,0.396567441763955,0.0666816241949676,0.0878180568562193,-4.94248054093581,4.51578474815536,5.31072511705084e-06,2.57667624538488e-05,0.00106745574852722,0.00490954813071781,TRUE,TRUE,FALSE,FALSE
"198","ASV3212",0.530837964672051,-0.551504562267058,0.0713166158462517,0.0931592509711483,7.44339812501004,-5.92001928437424,5.80193619528209e-10,1.94411789082129e-07,1.44468211262524e-07,4.39370643325613e-05,TRUE,TRUE,TRUE,FALSE
"199","ASV3228",0.220877618868215,-0.275690056506759,0.103696100252671,0.134782480204287,2.1300474977363,-2.04544430469673,0.0348441550556959,0.042606491161381,1,1,FALSE,FALSE,FALSE,FALSE
"200","ASV3252",-0.234573701844502,0.339273493895195,0.0845685972399261,0.107922240991403,-2.77376839039913,3.14368466387036,0.00619599694400691,0.00198678016541097,0.87983156604898,0.294043464480823,FALSE,FALSE,TRUE,FALSE
"201","ASV3254",-0.277768797621622,0.303320537711855,0.0823499248245347,0.104542705179803,-3.3730303726867,2.90140318437499,0.00102717996035169,0.00448798265822821,0.163321613695919,0.632805554810177,FALSE,FALSE,TRUE,FALSE
"202","ASV3275",-0.191659288437103,0.0340386763983054,0.0636153390504177,0.0836576085639505,-3.01278420107461,0.406880820317559,0.00399238037773091,0.685765486509759,0.586879915526444,1,FALSE,FALSE,FALSE,FALSE
"203","ASV3319",0.323372222821675,-0.150793425564362,0.100833328298794,0.128946204907806,3.20699741124723,-1.16942895428506,0.00160772999287419,0.243897242038715,0.245982688909751,1,FALSE,FALSE,TRUE,TRUE
"204","ASV3322",0.171635213826598,0.500636016027325,0.073843213286623,0.0900565594430991,2.32431940847962,5.55912883107249,0.0236318002021163,7.17509965115342e-07,1,0.000158569702290491,FALSE,TRUE,TRUE,FALSE
"205","ASV3346",-0.0512033172006043,0.0244039011939056,0.0881143068663275,0.113413093449785,-0.581101060901284,0.215177105672642,0.561836577556627,0.829851840146033,1,1,FALSE,FALSE,FALSE,TRUE
"206","ASV3661",-0.587742471316003,-0.0124325281481437,0.0659132811387662,0.0823861992141252,-8.91690507833525,-0.150905470415391,1.73405955674132e-13,0.880444924371311,4.6125984209319e-11,1,TRUE,FALSE,TRUE,TRUE
"207","ASV3741",-0.394158377916115,0.109962360526571,0.0663421859753705,0.0818797328426865,-5.94129319257653,1.34297410004792,2.00108859713306e-07,0.184796375239153,4.46242757160672e-05,1,TRUE,FALSE,TRUE,TRUE
"208","ASV3755",0.0130365022483351,-0.211427372106766,0.0963145079255362,0.113832711691752,0.135353463659017,-1.85735162559678,0.892526831785486,0.0653621331223535,1,1,FALSE,FALSE,FALSE,TRUE
"209","ASV382",-0.45113194804909,1.73926001539943,0.0718451926138804,0.0969692808423473,-6.27922247315309,17.9361958786424,1.85713258535919e-08,3.21580156707656e-29,4.3828329014477e-06,9.42229859153432e-27,TRUE,TRUE,TRUE,FALSE
"210","ASV384",-0.394407012324033,1.67877184538396,0.0885994335957452,0.112850014544731,-4.45157487262958,14.8761331769127,2.02462877166754e-05,2.75969631197483e-28,0.00380630209073498,8.05831323096652e-26,TRUE,TRUE,TRUE,FALSE
"211","ASV3868",-0.17307959089154,0.33998707291374,0.107759725032372,0.13683451004625,-1.60616214304133,2.48465882472794,0.10996244705973,0.0138657143729961,1,1,FALSE,FALSE,FALSE,FALSE
"212","ASV3997",-0.484871816552305,0.459471871660827,0.0745790712909439,0.0931928717053337,-6.50144615854426,4.93033279534115,1.46559760884563e-08,6.2848712981091e-06,3.50277828514105e-06,0.00128839861611237,TRUE,TRUE,TRUE,FALSE
"213","ASV4060",-0.254537619004424,-0.161820262753649,0.0873210593804137,0.110884892553869,-2.91496256241616,-1.4593535604955,0.00443670408770447,0.147766599638745,0.639347259331337,1,FALSE,FALSE,TRUE,FALSE
"214","ASV4125",-0.193573503120202,0.0840529323297062,0.0759086861887337,0.0936277782163364,-2.55008369712677,0.897734987745767,0.013135932972155,0.372640137131824,1,1,FALSE,FALSE,TRUE,TRUE
"215","ASV4128",-0.36836476443755,0.299694165235727,0.0718649509536031,0.089542983622298,-5.12579163485926,3.34693074892244,3.4406126365701e-06,0.0014265242468888,0.00070532559049687,0.216831685527098,TRUE,FALSE,TRUE,FALSE
"216","ASV4170",0.232355717315086,-0.700690577882428,0.10506900147156,0.125943207058679,2.21145831844591,-5.56354403104855,0.0289815273158473,1.74752177610386e-07,1,3.96687443175577e-05,FALSE,TRUE,TRUE,TRUE
"217","ASV4206",-0.149962906692572,0.152378829217321,0.0775190734918226,0.092056817385027,-1.93452914150724,1.65526936022563,0.0568198211437206,0.102048794584608,1,1,FALSE,FALSE,FALSE,FALSE
"218","ASV4221",-0.0747190962645817,0.177291376204018,0.0736037795058487,0.0889185600742198,-1.01515298217321,1.99386242935147,0.314559897727416,0.0512276374822292,1,1,FALSE,FALSE,FALSE,FALSE
"219","ASV423",0.203002889221516,-0.413884978075374,0.0856170911262229,0.102438039076188,2.37105566833886,-4.04034460057896,0.0201735595865616,0.000122940674738696,1,0.0216375587540105,FALSE,TRUE,TRUE,FALSE
"220","ASV4351",-0.168347770522414,0.544954382273866,0.0879052241931915,0.108303229195768,-1.91510541116911,5.03174638762444,0.0585192610414355,2.32895270760457e-06,1,0.000496066926719773,FALSE,TRUE,FALSE,FALSE
"221","ASV439",-0.439706791126096,0.263798388297965,0.0664173280337476,0.084966391929477,-6.62036254910276,3.10473803003099,1.25698690879707e-09,0.00240739111787027,3.11732753381674e-07,0.35388649432693,TRUE,FALSE,TRUE,FALSE
"222","ASV459",-0.403233962824986,0.19519454405914,0.0761501550348196,0.0939781329809862,-5.29524808768423,2.07702087568214,4.31696413512341e-07,0.0395639243989558,9.41098181456904e-05,1,TRUE,FALSE,TRUE,FALSE
"223","ASV462",-0.329988602095832,-0.0155973376715182,0.077175279231911,0.0940950780284607,-4.2758329529877,-0.165761461686662,3.39804764613837e-05,0.868570895229084,0.00628638814535598,1,TRUE,FALSE,TRUE,TRUE
"224","ASV4648",-0.402158452801232,0.057475775654748,0.0762420135912057,0.0915714578425186,-5.27476169448416,0.627660375939332,2.99571962982075e-06,0.533140739956808,0.000617118243743075,1,TRUE,FALSE,TRUE,TRUE
"225","ASV4768",0.100921704867496,0.00932213331177885,0.0811243091919005,0.101637202496338,1.24403777206613,0.0917196959658025,0.21698754764321,0.927141756230981,1,1,FALSE,FALSE,FALSE,TRUE
"226","ASV4824",-0.450847474831078,1.09441991759182,0.0682418532973591,0.0859640282407266,-6.60661240934565,12.7311381282307,1.79165326627339e-08,6.81652276366338e-18,4.24621824106793e-06,1.94270898764406e-15,TRUE,TRUE,FALSE,TRUE
"227","ASV4880",0.253183212193445,-0.34608891944719,0.0918251390651867,0.110943348153772,2.75723200390375,-3.11951031951456,0.00733793142947898,0.00258187545302916,1,0.376953816142258,FALSE,FALSE,TRUE,FALSE
"228","ASV5070",0.312125883219019,-0.314868643297134,0.100943049518631,0.119561152120015,3.09209880925392,-2.63353637627269,0.00252400645599503,0.00967820621462147,0.37607696194326,1,FALSE,FALSE,TRUE,FALSE
"229","ASV5097",-0.378706691794191,0.416904366653787,0.0804360774480031,0.110136232761509,-4.70816956531727,3.78535161590791,1.52021127178133e-05,0.000357040802380938,0.00290360352910234,0.0585546915904739,TRUE,FALSE,TRUE,FALSE
"230","ASV5128",-0.567496550739786,1.11218167653761,0.0784924461210735,0.108100872840606,-7.22995114541889,10.2883690696699,2.70635813555147e-10,3.0602154422971e-16,6.8200225015897e-08,8.53800108400891e-14,TRUE,TRUE,TRUE,FALSE
"231","ASV5132",-0.433997387675996,0.574649073933467,0.0684785320707477,0.0877785784993029,-6.33771452968088,6.54657530069287,5.61699984678667e-08,2.6139526227111e-08,1.28629296491415e-05,6.03823055846263e-06,TRUE,TRUE,TRUE,FALSE
"232","ASV5209",-0.062243280487673,0.0603808842000084,0.0942263302393233,0.122335827518987,-0.660572053794122,0.493566647028544,0.509836729978723,0.622289076913992,1,1,FALSE,FALSE,FALSE,TRUE
"233","ASV5318",0.48458395108444,0.0155147561364332,0.0599062932231597,0.0773233113920431,8.08903247075052,0.200647849362925,1.14340560984282e-11,0.841547600912823,2.96142052949289e-09,1,TRUE,FALSE,TRUE,TRUE
"234","ASV5385",-0.180411701793812,0.123137750249826,0.0896361226623264,0.127670347127333,-2.01271202318123,0.964497653687847,0.0463109949638525,0.336673707371025,1,1,FALSE,FALSE,TRUE,TRUE
"235","ASV5414",0.401907741597982,0.183114163792917,0.068604034698578,0.0839745887607771,5.85836887529754,2.18059018204381,1.02478058091795e-07,0.0321894251724356,2.32262862542835e-05,1,TRUE,FALSE,TRUE,FALSE
"236","ASV5491",0.270234338731222,-0.154004360338809,0.116430298236838,0.150432995663791,2.32099670638584,-1.02374056741514,0.0212896749811882,0.307188336026221,1,1,FALSE,FALSE,TRUE,TRUE
"237","ASV5544",-0.398021235357601,0.984196675417142,0.0717934951620542,0.0984275761627753,-5.54397350984482,9.99919650352377,6.99131693261862e-07,2.1441982026213e-14,0.000151012445744562,5.93942902126101e-12,TRUE,TRUE,TRUE,FALSE
"238","ASV5553",-0.310328233707662,0.0461684051075211,0.0852971445729562,0.113705696974687,-3.63820190302188,0.406034229910215,0.000521177548447054,0.685956015842919,0.0844307628484227,1,FALSE,FALSE,FALSE,TRUE
"239","ASV5625",0.0976007184866795,0.290896856085234,0.125000911895693,0.153582135968198,0.780800051827803,1.89408002598342,0.435584457931056,0.059252328651956,1,1,FALSE,FALSE,FALSE,TRUE
"240","ASV5667",0.292435554670839,-0.4494101914983,0.0896017736221609,0.111619631145119,3.26372506758629,-4.0262647966827,0.001560878211832,0.000118898412970008,0.240375244622128,0.0210450190956914,FALSE,TRUE,TRUE,FALSE
"241","ASV5704",0.304545765849909,-0.50952294888789,0.0805503114333789,0.102949312933842,3.78081425671198,-4.94926031429973,0.000268776293440757,3.09778755072394e-06,0.0459607461783695,0.000656730960753474,TRUE,TRUE,TRUE,FALSE
"242","ASV5750",0.0171137515796294,0.707966706763549,0.119728417723075,0.152148488148496,0.142938091934135,4.65313007956133,0.886480851575834,5.89243757490312e-06,1,0.00121973457800495,FALSE,TRUE,FALSE,FALSE
"243","ASV5804",0.366965401733115,-0.727382310392737,0.0895020098467785,0.109049276157777,4.1000800134135,-6.67021676824638,9.94797720371007e-05,3.16911267854297e-09,0.0177073994226039,7.60587042850313e-07,TRUE,TRUE,TRUE,FALSE
"244","ASV5832",0.00106899469812437,0.626334874143153,0.0707405382420109,0.0980433241863109,0.0151114866339754,6.38834800167459,0.98800459950991,5.88072366436357e-08,1,1.35256644280362e-05,FALSE,TRUE,FALSE,TRUE
"245","ASV6025",0.307024997146274,-0.638621219997088,0.103654888564307,0.126425451289225,2.96199244819792,-5.05136595111775,0.00357665187340053,1.30812344058046e-06,0.529344477263278,0.000283862786605959,FALSE,TRUE,TRUE,TRUE
"246","ASV610",-0.0238651660551345,1.05347798692225,0.0688024362892267,0.0855421026850449,-0.346865130688277,12.3153155446859,0.730016328675376,1.9242906721359e-17,1,5.46498550886595e-15,FALSE,TRUE,FALSE,FALSE
"247","ASV6143",0.336170490242249,0.110057582427991,0.131334911880073,0.166566960753873,2.5596430182191,0.660740773139384,0.0109245247668946,0.509240954544132,1,1,FALSE,FALSE,TRUE,TRUE
"248","ASV6171",-0.304498318281137,0.544711714005916,0.0678899224749048,0.0878338970744546,-4.48517699211829,6.20161158902214,2.12168294522888e-05,1.61647974401176e-08,0.00396754710757801,3.78256260098752e-06,TRUE,TRUE,FALSE,FALSE
"249","ASV6249",-0.116399615202667,0.0350745563534745,0.113663972721766,0.136359536153858,-1.02406780631887,0.257221147437014,0.307796913216719,0.797434400795612,1,1,FALSE,FALSE,FALSE,TRUE
"250","ASV6321",-0.14334000006243,-0.792684050445838,0.0837301490163884,0.101232236128177,-1.7119281614365,-7.8303520771997,0.0915354044649691,4.86726474980138e-11,1,1.25575430544876e-08,FALSE,TRUE,FALSE,FALSE
"251","ASV6384",-0.475134492697333,0.567727133639773,0.0754370239328448,0.101042392487796,-6.29842573217503,5.61870240462038,2.11179960846449e-08,3.41047465363387e-07,4.9416110838069e-06,7.60535847760353e-05,TRUE,TRUE,FALSE,TRUE
"252","ASV6423",0.177461504905825,-0.498895883594918,0.116417941244738,0.135700043109124,1.52434842094277,-3.67646075980778,0.129446404308458,0.000324849087050555,1,0.0539249484503922,FALSE,FALSE,FALSE,FALSE
"253","ASV651",-0.118073242712801,-0.00106848607800192,0.09224291838271,0.119092919979091,-1.28002501203315,-0.0089718690094215,0.203653237529883,0.99286039411435,1,1,FALSE,FALSE,FALSE,TRUE
"254","ASV6596",-0.48715412781358,0.273987910877383,0.088628061879603,0.108008339175939,-5.49661266964582,2.53672922820408,2.8685569341198e-07,0.0127044689054716,6.33951082440476e-05,1,TRUE,FALSE,TRUE,FALSE
"255","ASV6615",0.300674605114428,-0.143027347701335,0.0654475857395148,0.0943115246206931,4.59412828933264,-1.5165415708904,1.83661075480037e-05,0.133822444183129,0.00347119432657269,1,TRUE,FALSE,TRUE,TRUE
"256","ASV6758",-0.0774588370345709,0.269596273947314,0.118226978245195,0.145575014611209,-0.655170572607603,1.85194055908105,0.51309603980963,0.06547934534917,1,1,FALSE,FALSE,FALSE,TRUE
"257","ASV6786",0.112217733767099,-0.137234352491882,0.0725657006617678,0.101183478556158,1.54642941146743,-1.356292098771,0.126446905312067,0.17930378457794,1,1,FALSE,FALSE,FALSE,TRUE
"258","ASV6873",0.220579414410981,-0.383454555602982,0.120272665189777,0.151936286415897,1.83399456612134,-2.52378523029941,0.0679755565705052,0.0123000866982229,1,1,FALSE,FALSE,FALSE,TRUE
"259","ASV691",0.394173382614731,-1.00991694155668,0.0772862477602812,0.0958321715667161,5.10017492164116,-10.5383914926065,5.25454824251126e-06,2.67317871770202e-14,0.00106141874498727,7.32450968650352e-12,TRUE,TRUE,TRUE,FALSE
"260","ASV6947",0.35311805033435,0.491173130561041,0.0591121403766365,0.0771686816029791,5.97369758706819,6.36492836676996,2.40484549281473e-07,5.9105005080868e-08,5.3387569940487e-05,1.35350461635188e-05,TRUE,TRUE,TRUE,FALSE
"261","ASV6984",0.12436469616997,0.00146597796687062,0.113112523910176,0.140626300736326,1.09947768709264,0.010424635784307,0.272818597390082,0.991692391283608,1,1,FALSE,FALSE,FALSE,TRUE
"262","ASV7009",0.107348872769441,-0.00254607049058215,0.091861807963688,0.10911268138129,1.1685908991893,-0.0233343224485979,0.247190662792166,0.981461025247132,1,1,FALSE,FALSE,FALSE,TRUE
"263","ASV7066",0.392715303740954,-0.365610398917988,0.11509215191618,0.140184256123272,3.41218143203163,-2.60807032850027,0.000785070967053682,0.00981777611534056,0.126396425695643,1,FALSE,FALSE,TRUE,TRUE
"264","ASV7089",-0.480100233033115,1.26038712568741,0.0792954837367043,0.12190736339743,-6.05457222037081,10.3388925046179,2.59742933709631e-08,2.22788262648504e-17,6.05201035543439e-06,6.30490783295265e-15,TRUE,TRUE,FALSE,FALSE
"265","ASV71",0.269168972658751,-0.667543496619315,0.0736372483027526,0.0933432000167028,3.65533719500338,-7.15149573294964,0.000510408644851974,8.7055003074579e-10,0.0831966091108717,2.13284757532718e-07,FALSE,TRUE,TRUE,FALSE
"266","ASV7116",0.0410252014595647,-0.247561356576437,0.0723547503619549,0.0886381179244055,0.567000801665902,-2.79294464247953,0.572979489029946,0.00713464452940107,1,0.970311655998545,FALSE,FALSE,FALSE,FALSE
"267","ASV7400",-0.294813661041652,0.14568233949285,0.0719146148950293,0.0919086041519221,-4.09949579055633,1.58507835949768,0.000151962319016607,0.119253617286409,0.0268973304659394,1,TRUE,FALSE,TRUE,TRUE
"268","ASV7462",-0.548846076838159,0.205920436261636,0.0709305061080557,0.0897942692954936,-7.73780009410966,2.29324697307794,1.02605595816589e-10,0.0251820735126294,2.62670325290468e-08,1,TRUE,FALSE,TRUE,FALSE
"269","ASV7513",-0.424607624604604,-0.368423001921851,0.0658987998869432,0.0849977804965343,-6.44332863926303,-4.33450143956257,3.54148580034689e-08,6.55788765834978e-05,8.14541734079784e-06,0.0119353555381966,TRUE,TRUE,TRUE,FALSE
"270","ASV7606",-0.14425702011306,-0.275427986422627,0.0942877580164554,0.114689137866466,-1.52996553473977,-2.40151762883866,0.130468747067911,0.0189475228240366,1,1,FALSE,FALSE,FALSE,FALSE
"271","ASV7689",-0.285953583473113,0.13979899490635,0.0655397513570679,0.0889746624840336,-4.36305566548775,1.57122253688163,3.88560487387167e-05,0.12017890592632,0.00714951296792388,1,TRUE,FALSE,TRUE,TRUE
"272","ASV7743",0.124650709330349,-0.290035832217556,0.0797991322234739,0.0994510654036776,1.56205595044906,-2.91636727108235,0.120975667683278,0.0042460827193475,1,0.602943746147345,FALSE,FALSE,FALSE,FALSE
"273","ASV7747",-0.0939131612380052,-0.286551630445794,0.0761125165787588,0.0951951006423689,-1.23387276442012,-3.01015103206117,0.220231587186948,0.00332813901876304,1,0.479252018701878,FALSE,FALSE,FALSE,FALSE
"274","ASV78",-0.767142273195414,1.50547812166616,0.0684427675985598,0.0897441411937729,-11.208522099734,16.775224562187,2.28864579235629e-15,2.09475090391705e-22,6.27088947105625e-13,6.07477762135943e-20,TRUE,TRUE,TRUE,FALSE
"275","ASV7822",0.0974781344456167,0.380153837122826,0.129926200020073,0.168996384539773,0.750257718847749,2.24947911257449,0.453908473369965,0.0254811888451895,1,1,FALSE,FALSE,TRUE,FALSE
"276","ASV7924",-0.176957915887635,-0.0535988728693241,0.0855691345878003,0.110371052040062,-2.06801105024689,-0.485624372320643,0.0421828965865869,0.628687923137366,1,1,FALSE,FALSE,TRUE,TRUE
"277","ASV8024",0.431306580637948,0.0783303557251955,0.0897730333469054,0.111754883342095,4.80441135336568,0.700912151511239,3.48169008138456e-06,0.484351126937394,0.00071026477660245,1,TRUE,FALSE,FALSE,TRUE
"278","ASV8066",-0.0855865023023965,-0.0286183395300328,0.0741446077369985,0.0957887090440597,-1.15431863374318,-0.29876527009952,0.250607392747635,0.765623321772984,1,1,FALSE,FALSE,FALSE,TRUE
"279","ASV8082",0.109713848025725,-0.39653977752925,0.0936849184928855,0.110696837057215,1.17109402228979,-3.58221416321311,0.243393582570511,0.000458062846222488,1,0.0737481182418205,FALSE,FALSE,FALSE,TRUE
"280","ASV8399",-0.289030881975618,0.332328641592578,0.0753356841580133,0.0981030512452881,-3.83657340085196,3.38754643585604,0.000314627797166412,0.00128407351395179,0.0534867255182901,0.199031394662527,FALSE,FALSE,TRUE,FALSE
"281","ASV857",-0.264588546226705,1.04974203819904,0.110770587064093,0.15649674148764,-2.38861735086419,6.70775652080872,0.0179070965367879,2.27842293795768e-10,1,5.76441003303294e-08,FALSE,TRUE,FALSE,FALSE
"282","ASV8586",-0.257431887083383,0.280454790539027,0.0886133359482234,0.114715544292193,-2.90511449917426,2.4447845518187,0.00432654735680162,0.0158545506484935,0.631675914093037,1,FALSE,FALSE,TRUE,FALSE
"283","ASV8765",-0.00545268098827243,0.812780210179982,0.0909497882153573,0.123587157457801,-0.0599526518452268,6.57657500098672,0.952277049147475,8.42523462923794e-10,1,2.08103295342177e-07,FALSE,TRUE,TRUE,TRUE
"284","ASV8873",-0.190747368869766,0.837545922746108,0.0980099536380784,0.125239412275917,-1.94620405162254,6.68755871275489,0.0533932211940112,3.65600221199138e-10,1,9.17656555209837e-08,FALSE,TRUE,FALSE,FALSE
"285","ASV9046",0.206838021475762,0.197261246405918,0.123185439986256,0.156319773937061,1.67907848118121,1.26190846773704,0.094449072659055,0.208216988496245,1,1,FALSE,FALSE,FALSE,TRUE
"286","ASV915",-0.275683359555857,-0.446138108741503,0.071576279098279,0.0857364814203185,-3.85160227702428,-5.20359713100816,0.000318338993568419,3.22986255029004e-06,0.0537992899130628,0.000681500998111198,FALSE,TRUE,TRUE,FALSE
"287","ASV916",-0.312494529962919,-0.552734338743437,0.0698819042382907,0.0839632319205688,-4.47175178422932,-6.58305220154384,4.23736423618564e-05,2.28669798116552e-08,0.00775437655221972,5.30513931630401e-06,TRUE,TRUE,TRUE,TRUE
"288","ASV9427",-0.357168034831626,0.0904900805688121,0.0623211392318523,0.0803200807861167,-5.73108963080504,1.12661839583774,3.02565828607781e-07,0.264176960735619,6.65644822937118e-05,1,TRUE,FALSE,TRUE,TRUE
"289","ASV9677",0.880740305085618,-0.0171686323966956,0.0595005284164625,0.0770917214494737,14.802226610847,-0.222703969685617,2.99895754606996e-25,0.824300193070081,8.72696645906357e-23,1,TRUE,FALSE,FALSE,TRUE
"290","ASV9684",1.10959452296952,-0.337450152493561,0.0538748665219388,0.0743080709953526,20.5957730311531,-4.54123149710973,3.50031292774754e-31,2.30837583381104e-05,1.02559168783003e-28,0.00450133287593154,TRUE,TRUE,FALSE,TRUE
"291","ASV9704",0.946887640720235,-0.0644087882365175,0.0877961149834135,0.122611448352031,10.7850744978764,-0.525308110312773,6.13468285786265e-22,0.599912858120778,1.76678866306444e-19,1,TRUE,FALSE,FALSE,FALSE
"292","ASV9710",0.790476164306804,-0.159524986989401,0.0692970371473847,0.0835373704735687,11.4070701554754,-1.90962423266453,5.77352075279347e-19,0.0594770138426359,1.62813285228776e-16,1,TRUE,FALSE,FALSE,TRUE
"293","ASV9784",0.952293186256471,0.0316346542206161,0.0725367939594259,0.104087897678468,13.1284157222215,0.303922501329953,1.5669648939863e-22,0.76189635082961,4.52852854362041e-20,1,TRUE,FALSE,FALSE,TRUE
