featureid	Intercept	Ref_or_Imp[T.Ref]
ASV10005	5.768757510441006	1.3101770220710103
ASV10025	2.995599913852871	0.19387572392953079
ASV10031	1.2740647080118075	-0.6805021227883028
ASV10066	-1.4612353560751075	0.7750996290160481
ASV10070	-1.5914872405355567	0.758288973422176
ASV10074	0.10811488653963863	1.1900972364856068
ASV10085	1.6228567841226464	-0.21791154757010212
ASV10092	-0.9672549483602637	-0.34220785513388385
ASV10094	-1.7130034682577246	1.106127092094547
ASV10097	-0.5546315429037207	0.9602911411238972
ASV10098	-1.789777111751377	0.4172568856192891
ASV10100	-0.8278721091573829	0.45451002702248733
ASV10102	-3.06751282189542	2.4722149907065694
ASV10108	-1.7986477134054297	0.182168060393459
ASV10116	-0.8568800208395118	-0.4984056414650606
ASV10134	1.3674737694436914	-3.03014404192435
ASV10148	-4.062194180232822	2.995322519393093
ASV10158	1.581121611850918	-1.665709799675815
ASV10161	0.7820955994302636	1.3999745412184064
ASV10172	0.14716737295931637	0.8564169047786061
ASV10188	-1.2765663382833594	2.098926240058071
ASV1021	-1.8601611373251075	-0.03422064199911823
ASV10222	2.668062138813198	1.2835738839967314
ASV10241	1.0942732575113183	-4.626607722191684
ASV10247	-0.7737820861166114	0.3507561026526753
ASV10280	1.0811859848672754	-0.8154850663231539
ASV10308	0.8781997444803125	-1.2269542874382662
ASV10318	-1.2192943808858985	2.3361341296149556
ASV10340	2.319171118992031	-0.7064481438683199
ASV10341	-0.5130995032613868	-3.8873999775932955
ASV10391	3.1765870335275537	-0.5173048438118624
ASV10412	-0.8221457717245215	-0.5873376788185762
ASV10415	1.330049205082119	0.15770619496834914
ASV10417	-1.166455578548252	-0.6503836573647188
ASV10437	1.2891351463968164	0.9136250852061574
ASV10441	-1.2707956549947852	-0.8952761353539156
ASV10465	0.9410516503030664	-2.5201116265343355
ASV10468	-1.0908349273031348	2.320685201735622
ASV10486	-0.5753191230123633	-1.2123306454704927
ASV10528	0.9679242851907617	-0.37226015940176715
ASV10531	2.214526343601406	-1.7030695141838716
ASV10538	1.0056053879434472	0.7424974380446736
ASV10541	0.5477253678018457	-0.21950442209707965
ASV10597	-0.956151795131504	-0.3273492516564058
ASV10601	5.150145697849453	-0.38391227140890827
ASV10603	-1.205290150386631	-0.3044901551293062
ASV10624	1.700502085941494	2.281932943911678
ASV1063	2.1393808605844384	-3.2749221982048677
ASV10630	0.342427420871914	-0.8993459404991793
ASV10641	0.9302002670938379	0.23871856317055862
ASV10659	3.251184153812588	-0.434663599877231
ASV10662	1.874271798389615	0.588785344214565
ASV10682	0.4443642380411035	0.3322629867507283
ASV10684	0.5924412491495019	-1.1592553319023775
ASV10699	3.3453554394418603	0.10264986142647903
ASV107	-0.9226086852377051	0.6066122590018574
ASV10701	-1.0544470069234961	2.76059537515176
ASV10704	-0.7192047355001563	1.1568155376626317
ASV10757	3.5181957962686425	0.7986281453086201
ASV10770	0.1247274162942773	0.8445385931445424
ASV10773	1.2595359566385156	0.5036036311103169
ASV10774	-1.1341856238668555	1.3177737220576171
ASV10777	1.2269179108316308	0.2586434422446553
ASV10779	-3.495150875789463	3.145127707572109
ASV10798	4.11301343466586	0.047305637450343774
ASV1080	-2.2218116042440528	0.744195693583614
ASV10809	0.8652045014078027	0.4118758378936116
ASV10818	0.3012596848184472	1.5243107466412846
ASV10824	-1.1331790206258887	1.420999237747318
ASV10826	-0.22296602700406254	-0.24099583044516315
ASV10827	-2.35199768517667	2.477259212584621
ASV10837	-0.692123245937168	1.002239876837856
ASV10842	-2.687981915218174	-0.1820413531349825
ASV10870	0.3283116104776269	-0.23687893763052692
ASV10899	-2.385374378902256	-0.9938829602287935
ASV10906	1.6157275917703515	1.0362282930327718
ASV10910	-1.3436702010458106	0.7745882211638753
ASV10923	-0.25861532662564457	-0.28058559313284626
ASV10939	0.27479140784090816	-0.21040732279288044
ASV10941	1.503299403446377	-1.523373431115024
ASV10947	0.2201558830911523	0.40662669524682205
ASV10953	0.24572675253695309	1.3702033063782517
ASV10956	-2.111133885127842	2.429474526496059
ASV10967	1.254234004276455	0.15308778867257278
ASV10978	1.2398549797708398	-0.2524569691704439
ASV1098	0.8218719246560937	-0.03522498026358356
ASV10982	-1.0495465514486426	-2.464734620003574
ASV10983	-1.151020836574375	-0.5109042586373018
ASV10993	0.6742135765725976	2.1534140644980733
ASV11028	2.4634730103189355	1.2101706503344838
ASV11052	2.7222525360757714	-0.22213525190817585
ASV11064	-0.07471926186734379	0.07168930158150832
ASV11076	-0.4582846877401465	0.5622304616881673
ASV11082	2.877146649616421	-2.0436430634545015
ASV111	-3.4937785384481543	1.463204824776775
ASV11102	1.983073640125454	-1.7194381417320894
ASV11117	1.718232321994961	-6.500159567742221
ASV11160	-0.49908859704190434	-1.663456028847568
ASV11166	0.13863961722201168	-3.641682928948276
ASV11194	-0.6616366622274512	-0.4574235142754244
ASV1120	0.7498966934854394	-0.5745436610268282
ASV11212	-0.20407230828458012	-1.9945293129967379
ASV1122	3.1748656513864404	0.1828591166449849
ASV11232	0.8048078301126367	-1.1061757267998384
ASV11239	2.462871003406704	-0.06690627947317829
ASV1124	-1.7185390708273047	0.2872449694587056
ASV1129	2.0243505718881494	0.6507095037413899
ASV11294	2.750179696338833	-0.11194402590262165
ASV11304	-0.35765631173306645	1.6847348748160664
ASV11311	0.6917402031595117	2.0835208235694234
ASV11339	0.7886687996560937	2.076295965762264
ASV11384	0.19282453085726559	-1.0131285847710298
ASV11414	-0.8682492492025489	-0.08020121469961872
ASV11445	2.044430184620083	-4.944437807946079
ASV11474	-1.416673969966709	-0.5334947766350435
ASV11476	5.572696674125851	-0.2100445689247774
ASV1149	2.1053327801401025	-0.064680165200107
ASV11495	-1.061120819789707	-1.3447151841210054
ASV11496	5.5733585092002755	-0.6362019242333101
ASV1150	-0.5225241896932715	-0.9690726460503267
ASV1153	-1.388006043178379	0.8921176134063069
ASV11530	3.255343842762173	-5.605504340081088
ASV11568	3.7235440495187646	-0.1925969780968355
ASV1158	-1.6419533011739844	1.3537745973481004
ASV11598	-0.3024862525289649	-0.4538134993599581
ASV11677	0.24056022192782223	-1.271659678368442
ASV11678	3.7841694834405795	0.31670688972008865
ASV11681	0.46969049002474605	0.04799323663247268
ASV11693	2.9582192185098535	-1.6743632020043062
ASV11700	-1.5143297431295508	0.7154248891784016
ASV11715	3.0904595139200097	0.18263416871560256
ASV11748	3.340697217243374	0.24376016244424026
ASV11756	-0.6899817702596778	-0.7530515851067232
ASV11796	0.9658180954629785	-4.031038111595981
ASV11799	0.10430305029696285	-5.186335867791049
ASV11814	-1.1088674781149024	-0.49300176516043415
ASV1183	1.5463139298135644	0.6814707456542317
ASV11884	1.1637593987161523	0.9716727672530476
ASV11896	0.6366178276712304	-1.3870261372612642
ASV11902	3.774691629665554	0.12690978631508987
ASV11926	-1.2870238539999121	1.3248141896365349
ASV11934	1.4411770584756738	0.08072250470650832
ASV11960	0.3449088814432031	-4.656146830468051
ASV11975	-1.7573912856405371	0.3386201201392476
ASV11988	-1.490026306850254	1.2914370460821454
ASV11997	1.9117345097238427	-0.8425782383965181
ASV12011	-0.5320003745382422	-6.184619254021518
ASV12022	-0.005806278926669961	0.4513677297545735
ASV12047	0.00015418555086910146	-0.7657783688591646
ASV12068	-0.3857577559774512	-0.05554503813254108
ASV12083	2.945198941486538	0.3469869433356587
ASV12129	0.1063248398477441	-1.5368602932976412
ASV12136	-0.16278345559292973	0.37169861182702224
ASV12146	-0.0972736594503516	1.3415988436354462
ASV12161	0.15421168829745113	-0.4240580262230562
ASV12199	3.1912519219095117	0.2256304560614888
ASV12206	2.8731781723672754	-0.21955699339377155
ASV12232	2.6270078900033837	-0.3821061314629244
ASV12251	0.7457982781106836	-0.0668478669212984
ASV12293	0.16921489264315426	-0.7954850853966402
ASV1230	4.2663281443292504	0.18674319371712844
ASV12306	-0.7611521003072852	1.166317054481632
ASV12308	-1.3521135566061133	-1.8390772999809908
ASV12309	0.33896701361483395	-0.2886825264977144
ASV12354	-0.36740763161832035	-0.4233570756004976
ASV1237	1.9156681778604394	-5.954243487267368
ASV12373	-2.774826359493076	0.22246032342446487
ASV12380	-0.44058878396207035	0.6233115731192891
ASV12489	-1.9734867331808204	0.34843521699441116
ASV12524	-1.1513698813741797	0.4280366240454976
ASV12530	-1.0371392485921973	-1.5519419373558687
ASV12558	1.4828001740152246	2.3668613968802754
ASV12599	-1.1109245536153907	0.26830595120919387
ASV12604	-1.0692933318441504	-0.31325251474844684
ASV12618	-0.3641832587545508	0.213670426459438
ASV12619	1.0153781655008203	-0.12727636709677448
ASV12632	-0.11534769509488285	0.8482488332701985
ASV12649	-0.3902571914022559	1.1209607510281865
ASV12665	1.4430653336221582	0.8163883923007313
ASV12678	0.013115096347988242	0.1117942868186299
ASV12701	0.07930581595248043	-1.2249429883049654
ASV12707	0.019596267002285117	-0.7624643506096529
ASV12745	3.8822250845605737	-1.6583426655815767
ASV12761	-1.0449898955648536	0.4838204918814961
ASV12776	-0.3511470076864356	-1.5160198868797945
ASV12790	0.21732060934847652	-1.5582769574211763
ASV12795	-2.6572335479086036	-1.6351683796929048
ASV12826	2.3545583965951806	-0.6169795455025362
ASV1284	3.071497369068325	-0.19514698400961628
ASV12863	2.1504029514963046	-0.904885357766025
ASV12882	-0.712508988124668	-2.33169490709769
ASV12891	0.03754918600863277	0.9873983798934285
ASV12893	1.203811812656582	0.12061935052407424
ASV12909	0.1931778671914941	0.49876337632668655
ASV12920	-4.0505955931966895	3.0073069868995015
ASV12922	-1.2251532790487403	0.7712535201026265
ASV12948	-2.257065129024326	-0.3176236809776949
ASV12956	2.036493230121792	-2.966627425103061
ASV12986	0.9133779289895898	0.368768983931667
ASV12993	-1.0164516684835547	0.12941854581368606
ASV13009	0.8128172638589746	0.7116054831458394
ASV13012	0.4422461273843652	0.15730743989480178
ASV13061	-0.5478628394430274	-0.7921920479820894
ASV13069	-0.3684390303915137	1.1676777987195317
ASV13098	-0.09757120583707035	-0.6480479897545504
ASV13114	0.005150962131679648	-0.24997479334341755
ASV13163	-1.651300263149082	0.49041532859337966
ASV13175	0.260912585514248	-1.3118065060661959
ASV13184	0.6786853554422265	-1.4627998532341646
ASV13215	-0.683698010188877	0.4057453809691731
ASV13226	-0.4975603339498633	0.20495420083535354
ASV13232	0.7630340340310937	-1.7301619710014986
ASV13234	-0.19883091424161137	-1.5356636704491304
ASV13252	1.2009464981729394	-1.3647278012322115
ASV13259	-2.7964919326131934	1.957688981146938
ASV13293	-0.6562264678304786	1.5936564444018666
ASV13295	0.07498614813631832	1.115553566665775
ASV13309	-2.5281670806234473	2.934178286643154
ASV13342	-0.004254650813876992	0.22030811891091506
ASV13360	-1.1087287185018653	1.7462501762820546
ASV13362	-1.6194976088827246	0.17512171849740188
ASV1339	-0.45807630990201176	-1.3539596261070894
ASV13432	1.8158005955392724	0.23241942510140579
ASV13448	-2.772757839900791	1.4634463129950825
ASV13451	-2.854586910945713	1.5430870442105595
ASV13452	-1.3110106704061621	-0.8425064744042086
ASV13469	1.3016554596597558	-1.5453160466240572
ASV13473	-1.168303322536289	1.2990969386337463
ASV13479	-0.7932070014303321	-2.5146675766991304
ASV13487	-0.2373498198812598	-1.2553311051415132
ASV13490	-0.3028820273702735	-0.160582846550815
ASV13491	-0.6156261679952735	-0.4150785864876436
ASV13495	-0.05884869073086918	0.028312140555507348
ASV13502	0.8558975937539941	0.6918575106574361
ASV13535	2.799921202915371	0.368120425791866
ASV13563	-0.31358892892056645	0.3424342809630696
ASV13564	-0.41619045708829105	-0.48048419371115436
ASV13566	0.333326030033291	0.2728266058875386
ASV13567	0.07882516409701168	-0.09632892027365436
ASV13571	0.8139807465249902	0.3906906186057393
ASV13581	0.6377665283853418	1.3460813029123608
ASV13586	-0.6561311003988379	0.6118329702330891
ASV13589	-0.10172493432217777	-0.7944834889458345
ASV1360	-2.4385960814779395	0.9448490379763905
ASV13608	3.1280173542672998	-0.6657864512489962
ASV13643	0.9563562157327539	-0.31212169542776813
ASV13647	-0.3466146704977149	0.34830444440377395
ASV1365	-1.4784663436239356	1.039557957501537
ASV13651	-0.4540880439108008	1.6216295300437276
ASV13657	2.4823264362985498	0.9049732325984303
ASV13668	1.66399352576083	0.4049636064482991
ASV13670	1.382921862857998	-0.4351194562004732
ASV1368	-2.715783428890049	1.26688012614978
ASV13683	0.48348109747713863	-0.04365581884848346
ASV13703	0.2456671478921777	1.7881513176871602
ASV13705	-0.045343708736240274	-1.1439336003349947
ASV13713	-2.562756848079502	3.0150812207175557
ASV13720	1.9467117073709375	1.235729054958946
ASV13736	2.1985692265207177	-0.16065341845022907
ASV13751	-0.6506632087057227	1.1274150399876897
ASV1376	-1.2146533248251075	-1.9352021874474215
ASV13763	-1.0372398612325782	0.6229146657897298
ASV1377	-0.9619711158102149	-0.45177859678732624
ASV13783	1.0028926613504296	0.8761937259150807
ASV13795	1.6582366707498437	-0.4291474284218477
ASV13801	-1.58287508462125	0.4140248833609883
ASV13811	0.5195500137979394	-1.060539072899692
ASV13816	-0.7565868613546485	2.864207798094875
ASV13826	1.371188807743252	-0.6262584389733004
ASV13835	-1.6701100585287207	-0.6694447459267305
ASV13837	1.4716746094400293	0.05277543649209182
ASV1386	-0.8276484725301856	2.7488482533408467
ASV13882	2.2310346844369775	1.2873422405136887
ASV13886	-2.0155919310873145	1.9547350345565144
ASV13894	1.0121886017495996	-0.007428711800448795
ASV13899	-0.27409775231534184	1.2016478417826955
ASV1393	-0.47955734704190434	0.09466665372384231
ASV13931	-0.37188036416226566	0.2987745343161885
ASV13932	-0.48810608361416996	0.6554449735595052
ASV13937	-1.6481259581869239	-0.22429270163046588
ASV13942	-0.5466626403158301	0.6851062713576619
ASV13963	-2.242338490230381	1.102263116688854
ASV13973	-1.7183545348470801	0.10835390672219436
ASV13986	1.5436636688882714	-0.8036120595024752
ASV1399	0.9232937576944238	-0.910052365212314
ASV14015	-0.6902673957174414	-1.8862553299950289
ASV14024	1.5401479485208398	0.2490768967582051
ASV14046	-1.7621534583395118	0.7567346034957234
ASV14053	-1.3078401801412696	0.11131077394021194
ASV14055	0.6862160446817285	0.6040897308303181
ASV14060	2.5322946789438134	1.1572080491496388
ASV14071	-0.5846250769918555	0.7095869718505208
ASV14077	0.8913990738565332	-0.34756392851340046
ASV14078	-0.5697968718832129	1.1257130442572896
ASV14092	1.5439273598367578	-1.2244992913292574
ASV14095	1.6395670654947168	0.4264680682135884
ASV14097	0.12066428686922848	1.6334978578997914
ASV14098	1.448915171878994	0.5821571289016072
ASV14118	1.7241780045205957	0.23046975717080276
ASV14119	-0.15378363106900395	0.16281347856057327
ASV1412	-1.3280122992818946	-0.8784673871086763
ASV14129	3.3624922516519433	-0.6641907156990694
ASV1413	-1.1187704322164649	-1.5772987069176363
ASV14134	-0.17553265069180668	-0.6996586979912447
ASV1414	0.1770498039895898	-1.7585941018150972
ASV14156	-0.49183065865689457	0.4783512888861958
ASV14162	-0.20673019860440434	1.0152990458918874
ASV14169	1.6254021408731347	1.6226513026667897
ASV1417	-1.4843180892294043	0.3339150486899678
ASV14178	-2.0988677260702246	2.085173898787624
ASV14189	0.5881335022622949	0.4185589490844075
ASV14193	-1.7853415725057715	1.3992762057496373
ASV14194	-1.0664370772665137	-1.0018454255150484
ASV14198	-2.619742703182041	3.0809138356162373
ASV14209	0.6109058144266015	-1.0091140927361177
ASV14234	-0.914420437557041	-0.48614282026755085
ASV14250	-3.550406765682041	0.40592741355431716
ASV14256	-0.4963639495199317	0.3321586190177266
ASV14265	1.1813747170144921	0.04587381467354934
ASV14279	-0.5655496833150977	-0.7960084141777681
ASV14290	-3.374078106624424	1.1572021184874837
ASV14296	-0.316909622890293	-1.1056988896416353
ASV14315	-0.14739019845181645	0.7858887253714864
ASV14319	-1.2715161559408301	2.33718376740945
ASV14326	-1.9873369452779883	-1.3383825482414888
ASV14352	0.2396694901162988	2.1237134872390095
ASV14365	1.2379276039773828	1.5510240136100117
ASV14375	-2.4948065993612403	1.9470350085212056
ASV14404	0.6174923660928613	0.2884213267279927
ASV14437	0.2543203118020898	0.6504339514685933
ASV14448	-2.651506733638584	0.17992120370400588
ASV14459	0.6227819206888086	0.267240458579189
ASV14489	-2.5150216338461036	0.9380974112464253
ASV14495	-0.9535988089864844	1.6500770090533559
ASV14500	1.247609305637539	1.6190849481536214
ASV14512	2.233204531925381	0.9928826032592122
ASV14518	-1.50067932580167	0.1749550639106099
ASV14529	-0.9594677207296485	0.7568048177672688
ASV1453	1.712523627536953	-0.5511730374382662
ASV14532	-1.7462175605123633	1.0069356499625508
ASV14537	-2.475293469173252	1.456195616574413
ASV14546	-2.0124409911459082	1.548574486227161
ASV14549	2.842925477283657	1.3237981735183064
ASV14556	-3.304481816036045	2.3949364958716695
ASV14566	-0.5103600737875098	-0.6739679040001558
ASV14572	1.0677296402627832	0.8391388891650502
ASV14575	-0.5086067435567969	0.2343826828910176
ASV14583	-0.9190099952047461	2.403204494567043
ASV14589	-1.6138036963766211	2.023167008013851
ASV14594	-1.5197981116598243	1.9901012121154134
ASV14628	-0.8917506453817481	1.2646436034156148
ASV14641	2.276642966526211	1.1032328693581883
ASV14643	-0.14780790780240238	-0.10243994608389606
ASV14644	0.37705295111483395	0.960875415654308
ASV14662	-0.9490850684469336	1.3947986601306264
ASV14667	-0.09596855614834965	0.4468761025382344
ASV14677	-1.9531510588949317	1.803727561087734
ASV14691	1.3412682297403222	0.5953866182280843
ASV14735	-0.048693012935459024	-3.140455550103061
ASV14740	2.529772210376919	-1.1240795315788912
ASV14767	1.268614936130703	0.535633796305782
ASV14777	1.7245790245706445	-0.07772952929007282
ASV14798	2.465843129413784	-2.0500164689110445
ASV14803	0.17673079993075191	-1.3678811253594088
ASV14811	0.9987165215188867	-0.5302462042854952
ASV14831	0.32271783377474605	1.2635194821668927
ASV14835	0.7158595802957421	-0.3485437096642183
ASV14841	-0.1991255996053809	-0.9234066666649507
ASV14858	0.12049739386385738	0.021474772544033627
ASV1487	1.43311612631625	1.2692659845961396
ASV14871	0.6059018852884179	0.998945975155956
ASV14897	3.254790711658657	-1.0348008336113619
ASV14921	-1.3220532653158301	1.5215824632359807
ASV1493	3.9168506148034936	-1.5015693368004488
ASV14932	1.131665873783291	-0.22115308657156696
ASV14935	-0.4470494506185645	-0.050391143708102604
ASV14973	0.6954795601541406	-1.629283493904941
ASV14985	0.3455254318887597	0.7815510569526021
ASV15012	-0.7503870246236914	0.39329677209389846
ASV15016	-0.8380544898336524	-0.9044151963280367
ASV15034	-1.8666356322591895	-0.9044004143761324
ASV15070	-1.8102586982076758	1.6548579572154347
ASV15085	-2.9159568068807715	2.779514127822048
ASV15092	-0.7414658782308692	0.6766212521506612
ASV1513	-3.040363621455967	1.1269508241130177
ASV15135	-1.2978347060506934	0.26672082528603713
ASV15156	-1.077179741603672	0.07336586102975051
ASV15159	1.158009696262539	1.380489544422752
ASV15162	-0.7891681907003516	-0.021735257058017154
ASV15166	-0.5721200225179786	0.6513450084639851
ASV15170	2.4249994042093164	-0.4391930760430025
ASV15192	-2.3972733733480567	1.3863237215591733
ASV15202	0.03867309119051754	-1.6182754696892427
ASV15203	-1.7761748549764746	-0.7579200924919771
ASV15206	-0.4682000396078223	-1.5372687043236422
ASV15209	-1.3535884139364356	1.3578388704372708
ASV1523	0.5004503014261132	-0.13815302267538776
ASV1525	-0.24341852639371098	2.171755248160488
ASV15252	3.486775565403164	0.2988477288199727
ASV15264	-2.652539562923252	0.7512732087088887
ASV15268	-2.5774281737630957	-0.5166469277428316
ASV15272	0.6334344628030664	-2.3069279851006197
ASV15282	1.6360728027994043	-0.28625363722311725
ASV15295	-1.7646506545370215	0.26374512300027053
ASV15298	-0.5446770903890723	-2.2808814705895113
ASV15299	-1.5630181548421973	1.7784191606952016
ASV15300	-2.5141881224935645	0.7467992244674031
ASV15320	2.202844310062588	0.7023804126693074
ASV15344	-2.0227845427816504	2.235487037749416
ASV15354	1.36518399741	1.183380761594898
ASV15356	-1.8869903800314063	2.329246336074001
ASV15377	3.2149149658853418	0.401246064753658
ASV15430	-2.5483611342733496	0.6255369721366231
ASV15437	0.6777407410318261	1.2714007025970284
ASV15439	-2.013067078334629	1.6104049621535603
ASV1544	-0.9315188643758887	-1.3616848649071382
ASV15447	0.20008580710238277	0.8827301500750844
ASV15450	-3.758750271541416	2.8054775534583394
ASV15456	-0.15767605279141605	-0.03551203623282184
ASV1548	0.362080741184414	0.1870555220557515
ASV15489	-0.9888380286520118	-0.13540596380697956
ASV15496	3.2891258480722314	-1.3935089768456148
ASV15522	-2.0951984641378516	-0.025861805825106998
ASV15524	-1.326811146480381	0.20430653676522414
ASV15535	0.37707107092684566	1.6102227209521596
ASV15693	-0.989855122310459	-1.2270613373802828
ASV1579	-0.13787348244839848	-0.7139383019493746
ASV15843	-1.1135729071920508	-0.8041225136803316
ASV15866	-0.21591455910855473	1.2816243539018695
ASV15872	-0.6061323401754493	-1.3512502373741793
ASV15884	0.04873626257723629	-0.5739560784386324
ASV15926	-1.5711386916463965	1.8613032041503255
ASV15973	-2.7733462569540137	1.1683761714412038
ASV15991	-3.6629451033895606	0.15500002488625686
ASV15999	-1.3506325003927344	2.5318552790595357
ASV16024	-1.027375054103672	1.3647638721777264
ASV16027	-3.4907105681722754	1.7692251144362752
ASV16051	-0.251597237331211	0.8131762979937855
ASV16071	-1.6780884978597754	-0.39378327742087116
ASV16092	-0.6698787925069922	-0.9883990944908785
ASV16111	-2.148330044490635	-0.8491700352715181
ASV16118	-0.535011601192295	2.880936437697536
ASV16134	-0.32348949883633793	1.4941825209571187
ASV16158	0.06896512533968746	0.8590374229861562
ASV16206	-1.0583513495748633	0.3100859461737935
ASV16228	-2.090678524715244	1.0033751665068928
ASV16237	-0.7372134444540137	-1.1606586636589693
ASV16247	-1.1462109801595801	1.2765774814797703
ASV16260	0.27828376318758785	0.24672287091744582
ASV16279	-2.5425627944295996	2.5989116965247456
ASV16288	-0.2722790953939551	-2.65936881914603
ASV16296	0.14879958655184566	0.6846128641082112
ASV16299	-2.9876311538045996	0.4721857844306294
ASV16305	-2.0475395438497657	2.995353275389797
ASV1634	2.2680000546152	0.18382924184334914
ASV16354	1.4928619148904687	-5.502052611260288
ASV1636	0.18465440298861324	-0.0217729271935152
ASV16393	-3.2654517409628028	1.2838200958831374
ASV16398	-0.28686935876065434	-1.0916064442681002
ASV16402	-0.3222802398031348	0.944342726321346
ASV16412	1.7892934563333398	-1.3014622391747164
ASV16424	-2.1219294783895606	-0.17849249258505573
ASV1643	0.603899646061123	0.2934746085120503
ASV16433	-0.5446489569967383	2.989249759764797
ASV16452	-1.8967817542379493	2.6354404030753438
ASV16454	-0.16481478188687504	-1.22142297640311
ASV16455	0.38419787909334957	0.8559842048598592
ASV16471	-0.43205769036465824	-0.7327502430962252
ASV16479	-0.3178714034383887	0.5180929838134114
ASV16494	-2.3155587432211036	-0.3658571900414156
ASV1651	-1.2066066977804297	-0.6591622294472383
ASV16515	-0.9803150412862891	0.45034098014367263
ASV16517	1.7258307221109277	0.2975569306327168
ASV16524	2.402307439106167	0.16817944631112258
ASV16531	-2.520656895381748	2.192052537055141
ASV16532	0.6185838463479882	1.0391606329394643
ASV16541	0.8534576180154687	0.01981192216408978
ASV16548	1.0611087563211328	0.817103260607845
ASV16553	0.08855073477572262	1.2910225311679904
ASV16559	-0.6433676001852149	-0.41791815176474323
ASV16569	-1.7481716391866797	0.8558347462130849
ASV16572	-2.8067696807211036	-1.4377320469902681
ASV16581	-0.636675190669834	-0.07452124968039264
ASV16587	0.40018765951937496	1.22212126240266
ASV16588	-1.3682945487325782	1.3919920338703458
ASV16591	-2.3627837416952246	-0.2055584849404024
ASV16609	-1.051516842586338	1.1179790435744588
ASV16636	0.12206285025423824	0.48384147271645706
ASV16649	-2.3182633635824317	2.4026860533667866
ASV16667	-2.708412480098545	1.6256453631831471
ASV16671	-1.2971771476095313	1.5469359396411244
ASV16686	3.124021935718716	0.23943560704720657
ASV16708	0.08615605856722652	-0.4361168803261446
ASV16719	0.35981242682284176	-0.6800083579109835
ASV16723	-1.9920891043966407	-0.44056505575644245
ASV16733	1.3432642700845605	-1.717514342217319
ASV16759	1.0667425873453027	-0.9721530140923189
ASV16777	2.659355092304409	0.5139483748389546
ASV16783	2.1967875244790918	-0.20178396120535602
ASV16818	-0.40355713341885746	-0.2013686360405611
ASV16819	1.3993517639810449	1.0266176401091878
ASV16829	-0.4710839507406348	-1.4950919808434175
ASV16840	-1.061853241664707	2.647586041541225
ASV1687	0.9645988228494531	0.1924125491095845
ASV16871	0.3267509224588281	-2.0747550190972017
ASV16876	-1.7785800216024512	0.8460435210181538
ASV16878	1.5605422737771875	-0.3568970622109102
ASV16884	-0.1513202903097266	1.0349984703971211
ASV16886	0.6017677071267968	-0.3861354054497408
ASV1690	3.3570746662790185	-0.48285049810873737
ASV16905	0.4311200859720117	0.889328533263332
ASV16909	0.8933378937417871	0.7114162980033223
ASV1691	1.8919803383523828	-0.12214047327505817
ASV16924	-2.537248921138584	-0.7282009781883882
ASV16939	-1.3599327323263282	1.7016031979037587
ASV16981	4.189992714183987	1.1691642491532628
ASV17002	-1.0888427016561621	0.907034182400829
ASV17017	-0.3246029136007422	0.7585281668616597
ASV17022	-0.9114111182516211	0.8297820626212422
ASV17032	-0.8892887351339454	1.2149702547503773
ASV17047	-1.3955848929708594	1.0183445750190083
ASV17051	-1.3122294661825293	0.6440966068221394
ASV17053	-0.8455165145223731	0.5875388322783772
ASV17054	5.938540208595455	0.538464242072231
ASV17056	-1.3518393752401465	0.899108373971111
ASV17058	-0.5146029708212012	0.6063211499167744
ASV17059	-0.3256405112569922	0.6630420623732869
ASV1707	1.5509435417825586	0.40751170501244705
ASV17085	-0.19603331063443363	0.3664307533217732
ASV1710	-0.10947401498013676	-1.4008260430382418
ASV17101	-0.375315499049961	0.40014939889443557
ASV1711	2.833741832035244	0.5511273680640523
ASV17132	1.2675978424722558	-1.1437352360771822
ASV17136	0.21185653235262691	0.014940196128018002
ASV17140	-2.278349232417881	0.9069849489642445
ASV17157	-0.27239258263760746	-0.7080264748619722
ASV17161	2.6986982109720117	-2.279012507347934
ASV1717	-1.151178192836582	1.2284825308634106
ASV17182	0.06095140005892574	1.8580424128485982
ASV17197	1.3505388977701074	0.22789030656350295
ASV1720	-1.1167081115072364	2.0332705913497273
ASV17208	-1.0127189872091407	2.4979328452063863
ASV17212	1.076576876896084	-1.6119416417168306
ASV17227	1.5315081360513574	0.030092054457790063
ASV17232	0.5464593651468164	-0.6749790371941256
ASV17243	-0.25949461434537113	1.0159493921710316
ASV17254	1.8316513779336816	-0.5271272124336885
ASV17256	0.2805454018289453	-1.5790720643089937
ASV17279	0.3611165764505273	-0.8216348351524996
ASV17282	-1.0288303611105079	0.31529723987115066
ASV17289	-1.6551950690572852	-0.06283349409567585
ASV17294	0.2770973923379785	0.04911583051217239
ASV17298	-1.026685070735752	-0.3089547814415621
ASV17299	-1.4955981490438575	-0.3028257550285982
ASV17302	-1.5018137214010352	0.22748225316537063
ASV1731	-0.8912776229208106	0.6468231020881001
ASV17345	0.4663073303872949	-1.6664968194054293
ASV1737	1.6233102562600976	-1.4930444420860933
ASV17371	-1.9890464064901465	-0.17962939157950153
ASV17384	1.3236109497720605	0.3481677113486592
ASV17387	1.2257644417459375	-1.6281042756127047
ASV17402	0.5457569840127832	0.24005430325997512
ASV17409	1.7022654297525293	-4.0092237652825045
ASV17417	-0.21839506600552738	1.1253821192694966
ASV17419	1.2086679222757226	0.7055272398902241
ASV17433	0.2784878494912988	-0.3689829768227266
ASV17443	0.3639547112161523	3.0810584364844624
ASV17464	0.6377159836465722	-0.3130658330010103
ASV17476	1.5038148644143945	-1.509422367958896
ASV17482	-1.4281371352499121	0.2701321183158223
ASV17483	2.243851113575161	-0.3583704890297579
ASV17484	-1.2286437270467871	0.593187028021938
ASV17503	1.6657830956155664	0.31773310288918655
ASV17519	-0.6777709243124121	-1.0907481373833345
ASV17520	-2.699708294612705	0.9588905511809651
ASV17521	-2.436831783992588	-0.4550316990898775
ASV176	-0.3457282302206153	0.3344967900229756
ASV17605	-2.524624180537998	-0.24222642794119587
ASV17612	-1.7899339911764258	2.9749365387870137
ASV17620	0.24484078909701168	-0.703478878884189
ASV17662	-1.1664965865438575	-1.4265769185112642
ASV17674	-1.9270461318319434	0.03819518670571487
ASV17695	-2.519577336055576	1.2893286658836667
ASV17698	0.42540757681673824	1.0706179676963155
ASV17708	-2.2407601592367286	1.4381274817897145
ASV17723	-0.5696018454855079	1.687121355385906
ASV17763	1.9988898518258944	-0.8738260926293062
ASV17773	-0.638470959407627	0.9012675820304219
ASV17774	0.0049797775918847265	1.0561869381381337
ASV17775	-0.974291157466709	-0.7786074341820406
ASV17783	-0.9110205886190528	0.26839881524575393
ASV17788	-0.6609004256551856	-1.087559050469272
ASV17801	2.9917556526834375	-3.1974099339531588
ASV17817	-0.6306846854513282	0.25736861810219924
ASV17818	-1.3439806220358008	1.2399441911293332
ASV17825	-2.5225547072713965	0.8735172985507313
ASV17880	3.1748804333383447	0.7290592132521931
ASV17882	-0.5317185637777442	-0.1567296446846651
ASV17898	-0.04817945931607426	0.27495449170602004
ASV17908	1.910295892017544	0.10071378335488479
ASV17919	-0.2374408957784766	0.3929170905066792
ASV17924	-1.775025200588047	0.10776167497170608
ASV17939	0.44541614081209957	0.8948472379161183
ASV17945	-1.721753430110752	1.5363005338622395
ASV17951	-1.1391037223165625	0.9436531601859395
ASV18016	-2.1243313071554297	-0.0922464789436983
ASV18017	-1.0206573722189063	0.7828833399726216
ASV18023	-0.5327943084066504	1.5324792800856892
ASV18039	1.5209180596048242	-0.010581201462619205
ASV18043	-2.255604099971592	1.1811751066161458
ASV18073	-0.23169596169644535	0.18975835427773635
ASV18081	0.5894057038003808	-0.594062751679294
ASV18087	3.211357045429409	0.7609630762053792
ASV18093	-0.776799988490879	-0.5582229556130098
ASV18109	-1.0212262389486426	-0.760621851830356
ASV18121	-1.2685240027731055	-5.543095415978305
ASV18124	-3.366132092220127	1.8144417940093343
ASV18143	-0.17894299004727543	1.6700126765681569
ASV18180	2.8516563656503564	0.9792105196429555
ASV18200	-2.6129554030721778	0.20993631467354934
ASV18203	0.9665757897073632	-0.5153009356545137
ASV18229	-1.211919617397129	-0.26754803076254596
ASV18245	-4.177568745357334	2.616239482016689
ASV18246	0.08773582007235348	-1.1528013409660982
ASV18253	-3.251670193416416	2.3721945820761983
ASV18256	-2.0061553237264746	-0.9991732300804781
ASV18262	1.495907473819912	-0.8919876278923677
ASV18270	3.051137376087368	0.4651512442542378
ASV18280	-1.34184725259	-0.2367150248573946
ASV18289	-0.6358121154134864	-4.096002882866733
ASV18296	-2.54887325738126	-2.1787257851647066
ASV18299	-1.532842468959629	-1.5239473046349215
ASV18329	-1.470058750850498	1.2573266676081483
ASV18338	-3.4296429869955176	1.7255282937003438
ASV18350	-3.9022305724447364	0.5997312007857625
ASV18353	-1.5324514624899024	-0.5407080115364717
ASV18369	0.8749233963662988	-0.9503231705712007
ASV18387	-3.171225857478916	0.147955471129543
ASV18406	-0.9043420073812598	2.0730453072501485
ASV18413	0.4577023270303613	-1.7886901558922457
ASV18416	1.1795436623269921	-1.0710974396752047
ASV18463	-3.250134777767002	1.896511846633083
ASV18466	-2.173870873195469	-1.010973996071689
ASV18507	-1.236709427577793	1.5076599507047002
ASV18522	-0.15054781411343754	-0.6792411269234346
ASV18555	0.13013522650545895	3.107235485167629
ASV18585	1.2700812103921777	0.23478608712685745
ASV18597	2.497700858371914	-1.8523703278587984
ASV18614	-2.2152450797384375	0.7199280200911824
ASV18617	1.182538676517666	-1.7141779126213716
ASV18647	1.521814513462246	0.19160276040566604
ASV18648	1.156972098606289	-0.40267748251425495
ASV18666	3.2293593170816317	-0.024857229142062565
ASV18688	4.093573856609524	-0.635250872521274
ASV18734	1.3420669319803125	-0.8030698956535982
ASV18753	3.6000160458261377	0.24596934899819534
ASV18791	-0.03375704262906254	-0.6331456364678072
ASV18805	-1.088222813350498	-1.1464539231346773
ASV18808	-0.16212112878018559	-1.489900177864902
ASV1881	0.856300997989834	-0.21376473322378864
ASV18810	0.3855778458291894	-1.18279034510123
ASV18835	-2.2988303420370215	2.16639679059518
ASV18855	-1.4810498473470801	-0.5126212300347017
ASV1888	-1.8438275573080176	-1.5746770562218355
ASV18885	-0.7991054770773047	-1.3760643662499117
ASV18886	0.4401065590555078	-0.4968054951714205
ASV18887	2.007384944217862	-0.6091825427101778
ASV18897	0.8354884865457421	-0.250410145668857
ASV18914	2.8516825916940576	-0.7432251633690523
ASV18923	0.08598773505038082	1.8634840784980122
ASV18926	-1.8819506881063575	1.3493734164549176
ASV18933	0.3122154953653222	-1.8137779892967867
ASV18943	0.4765292885476953	0.6044604121161763
ASV18964	-1.38513977502042	-1.080290860085361
ASV18982	0.6423465492898828	-0.3491401137398409
ASV18995	0.5052024605447656	0.6905189691497151
ASV19010	1.2098528626138574	0.4546413360549275
ASV19039	-2.4710744139974707	-2.7015364827202486
ASV1905	-2.4697926757162207	0.8197302757216756
ASV19062	-0.8162253615682715	-0.3599837483452486
ASV19091	5.016432273643673	0.0472254095984761
ASV19111	-1.186423611385166	0.16783779248727004
ASV19113	-0.37413914178067387	-1.4265657128380465
ASV19135	2.3178319218332177	0.05924552068246047
ASV19142	-0.28294880364590824	1.6943650780631367
ASV19157	1.3770128967935449	0.7749679027510945
ASV1916	2.084148097294033	1.3334052166355912
ASV19175	-0.14914162133389652	-0.8979936303185152
ASV19183	1.4208986046487695	-1.453558749108188
ASV19214	1.661094355838955	-0.7621517838524507
ASV19230	-0.2464135405843848	-1.4555533589409517
ASV19231	0.2916404488260156	0.04768818006051223
ASV19233	1.8990196469003564	-0.2284513176964449
ASV19247	2.2775627854043847	-1.0059748353050875
ASV1925	0.8859917404825097	0.011407309622891049
ASV19255	4.799239981430234	-0.4506756724404024
ASV19283	-0.10369188759976566	0.3389662443114583
ASV1929	0.6171390297586328	-0.07714802637564411
ASV19293	-0.839525532466709	1.0085203884555165
ASV19297	0.580185103672207	-0.9457259835289644
ASV19318	0.5825778725320703	0.17326622590554397
ASV19322	2.699349570530117	-0.7878509224938082
ASV19326	1.050892997043789	0.36083703622353713
ASV19372	1.5266439202005273	-4.4108188809441256
ASV19376	2.015590834873379	-2.444258040337436
ASV19396	2.263309645908535	-0.8616276444481539
ASV19400	0.595819640415371	0.5457735596610371
ASV19409	-1.8095138785665625	0.9649732945872609
ASV19415	1.3341457131082421	-3.0560916127251314
ASV19429	2.8153528454477197	0.5437973676635091
ASV19432	-0.2089365241354102	1.0413996516181294
ASV19443	-1.4913824317281836	1.8862548409415547
ASV19450	2.2528943302804834	-1.4457772435234713
ASV19456	-1.0065491912191504	2.8296158848716084
ASV19461	-0.26314289544278324	2.3235563574744527
ASV19467	-0.4383519408529395	1.4131120456768338
ASV19491	0.2733594658548242	-0.32916254415976276
ASV19504	-0.9494584319418067	1.2995071527002517
ASV19519	1.2010280373269921	0.8490840433551137
ASV19530	-1.8585603949850196	-1.2142754258202242
ASV19552	-0.22260315392666996	1.1087675480557744
ASV1956	3.5559527161294824	-0.27876181021200885
ASV19570	2.2226495030099755	-3.055308646111362
ASV19586	0.9279462578470117	-6.405237978844516
ASV19597	0.09587686087435543	-0.2634827555702852
ASV19600	-0.6121223685567969	0.5289999185515706
ASV1962	-0.15545065377408207	-5.011407679467075
ASV19639	2.293950963276089	-0.7532902421044039
ASV19655	0.5955497505838281	-0.01734310999380817
ASV19656	-0.2989338157003516	-0.8742354573296236
ASV19693	3.2434055092508203	-0.1137381257103609
ASV197	0.1999217751199609	-0.04349655523764362
ASV19702	-1.3951576468771094	2.3362676440192525
ASV19711	0.26139180685824215	-1.847366637139194
ASV19715	0.5776201965982324	-0.3720721663521456
ASV19726	-1.8428157088583106	-0.8416128815697359
ASV19727	2.582943606632412	-2.485876864342563
ASV19749	1.056493926304043	-0.4282491864250826
ASV19760	-1.9308055159872168	1.6897646425677602
ASV19791	1.4117676499063379	-1.6093075932549166
ASV19794	-2.1586492774313086	1.058461630196697
ASV19800	-1.044890236598789	-1.4131496609734224
ASV19809	1.6424452545816308	0.8715537129355733
ASV19817	0.4733163597757226	-1.1559503735588716
ASV1983	-0.5965302703207129	-0.5525206984566378
ASV19836	1.400918174045743	-2.4590886296318697
ASV19874	-1.515830349666416	-1.2106147469566988
ASV19882	-1.646804642421543	-0.13118678942190876
ASV19892	-2.0707915541952246	1.6578778563453023
ASV19898	-1.2318824050253028	-0.4159109057472872
ASV19920	1.124271083133877	-0.2767143906639742
ASV19921	3.526732135074795	-0.1731473864601778
ASV19942	-1.1250723120992774	-1.0739098252342867
ASV19954	-2.942323040706455	3.0425195036841695
ASV1996	0.5961968186075097	1.9278277097655598
ASV19975	-1.6511386153524512	0.07408266648781936
ASV19980	0.3565255882913476	-1.8278785409020113
ASV1999	1.4653298142129785	-2.089937037377231
ASV20015	1.8544964077646142	0.17089706048501174
ASV20030	-1.1450002906149024	1.5541045902682606
ASV20046	-2.116625141841709	-0.8230941952751802
ASV20131	-1.7619846579855079	0.41124021396172683
ASV20149	-1.2279871222799414	2.123859041781551
ASV20150	0.960558581607998	-0.894082135109775
ASV20152	-3.850807499629795	0.30999010190499465
ASV20185	2.7012941124612695	-0.240835851578586
ASV20210	-2.952365231258213	3.1345180808020894
ASV20215	-2.7061904189413184	1.7401408790065114
ASV2022	1.948628354328335	-0.4817699851082491
ASV20225	1.4223233940774804	-1.983947104363315
ASV20237	1.3112413170511132	-2.999187296776645
ASV20261	2.6862980606729394	-0.10319418325888385
ASV20286	2.5186270954782373	0.5896858511878316
ASV20290	-1.7842930075948829	0.11163597688210647
ASV20292	2.2691559078866845	-0.5736458958672213
ASV203	0.942639994877041	-0.12572020903097858
ASV2031	0.7960826637918359	0.17874878034127395
ASV2050	-0.14707071755582035	-1.0428667725609468
ASV2076	1.551397490757168	-0.31540567293631305
ASV2078	0.305005717533291	-3.8597090901421236
ASV2089	-0.08899624322110355	-1.93915922060477
ASV2093	-4.144940685970127	2.1974944411231343
ASV2106	1.8721229317361718	-0.2874730290459322
ASV2131	3.151961970585049	-0.3157356442497896
ASV2149	1.7545630219156152	-2.7245681942986177
ASV2150	-2.150165867549717	2.3041917024566
ASV2154	-2.4289954421346778	1.0824362723542515
ASV216	-1.1256650206869239	1.3882226510359112
ASV2161	-0.760421585780918	-0.945490187554233
ASV2166	-0.13557846520596684	0.6987639008475606
ASV2187	0.9604899170572168	-1.5263529480980562
ASV2195	0.19875590826815426	0.43853794917596023
ASV2202	-1.287992787105381	3.2107343016578023
ASV2218	0.3802968743020898	-0.8469286622093843
ASV2242	2.5636698486978418	-0.7587633790062593
ASV225	-2.165571045619785	2.190388733000881
ASV2263	-0.6133058783834571	-1.0441392125176119
ASV2264	-0.6491692778890723	0.0789418755484883
ASV2279	2.1777865173990136	-0.24050969496237506
ASV2281	2.637975621479214	-0.4495216073082613
ASV229	-0.7226780173605079	-0.3878268660591768
ASV2291	0.8101312401468164	0.1125264702750508
ASV2322	1.4339606049234277	1.3188428640751306
ASV2345	2.228073048847378	-2.6580043496178316
ASV2374	-0.030885052425205117	-1.484726256279819
ASV2388	2.2924010040933496	-0.13765532389151325
ASV2398	-3.6360753295248145	1.7646611867858235
ASV2404	-0.24096853707486332	1.4469337700320546
ASV2415	2.7313312771493807	0.19112628087533157
ASV242	0.9435741188699609	0.5312284170104329
ASV2432	0.9459363701516992	-0.09399372950064411
ASV244	0.19208447958773434	0.04051845654977004
ASV2448	2.3619860890085107	0.08777933702004592
ASV245	0.4990989449197656	-0.4809115590141939
ASV2460	-2.387052845699131	-2.0593755902336763
ASV2504	-1.970093559963047	0.30452113732827346
ASV252	-2.006925892574131	-0.7367356480644869
ASV2525	-0.798110794765293	0.15997295960915725
ASV2536	-1.007712673885166	0.26325004682076614
ASV2546	-0.7339523551290625	-1.4685676754997896
ASV2562	-1.8620765921896094	0.15836828336251418
ASV2588	-0.8629730460470313	1.0462579368068043
ASV2602	-0.5743578193014258	-0.15348131075369587
ASV2605	-0.3017242667501563	0.6131214438391988
ASV261	-3.1485198256795996	2.928760701270229
ASV2614	-3.498939823848545	1.6160450516654317
ASV2628	-0.44097168420010746	-0.526977962403171
ASV2634	-1.44178040002042	0.501827472300655
ASV2651	-2.9672549483602637	1.5248013077689473
ASV2674	0.7651588204080468	-1.1977294148491548
ASV2688	-1.9030869719808692	-0.4929129542397188
ASV269	-1.4565428016012305	0.3830028711272542
ASV271	-2.597750973445713	1.7886583744002644
ASV2715	-4.384098362666904	1.1143694309903447
ASV2719	-1.0805381057088965	1.7285416661216084
ASV2722	0.5506521942788964	-0.5395889939354586
ASV2742	-3.499691319209873	0.19361608609688918
ASV2782	-2.639379811031162	0.0438074408484761
ASV2814	2.2531077149087793	-1.1434055031822847
ASV2842	-0.15578587029629887	-3.387421912102573
ASV2847	-0.4627235648458594	-1.5192094506310152
ASV2857	-0.5082329032247657	-0.046534127144687076
ASV2904	-2.0111311194723243	0.07267122849953811
ASV2919	-0.27624828789883793	-0.0234513939903902
ASV2929	2.0973729374582177	-0.8333256901787447
ASV2936	-3.530676197749912	0.44279050216210525
ASV2937	-1.843260121089756	1.6492802737666432
ASV2954	-1.2798178908651465	1.419545189888603
ASV2956	-3.6817315337484473	1.483829864711887
ASV2957	-1.4459622618978614	0.5214142738295857
ASV2967	-1.3898208854025	-0.8914707364128756
ASV2974	-2.3680508849447364	-0.012195772080294986
ASV2976	0.5180985214883691	0.6991677819205586
ASV2984	1.372543502109707	-0.38065368547903766
ASV2990	-1.0062950370138282	0.6819623051596944
ASV2991	-0.2873214003866309	0.9587468443824116
ASV3016	1.8080024006540194	-0.33767313375937213
ASV304	0.9514438393289453	0.8993832705928151
ASV3040	0.72144620444125	0.31023549422753494
ASV3046	-1.938690972072422	-0.7269201935814547
ASV3047	-1.776081871730625	2.2102757035209004
ASV3077	-3.723136257869541	2.730463558287746
ASV3085	-0.6897533652608985	0.7822583852721516
ASV3088	-2.020577263576328	0.5607307492209737
ASV3089	-1.377867054683506	-0.6965656937645601
ASV3099	-2.0066407439535254	1.4294828189922635
ASV3118	-0.33430893395596684	-0.9532330693291353
ASV3141	1.7607933762246972	-0.18442661180960407
ASV3153	-0.744852852565586	0.3421016870452229
ASV3160	-1.0142820594137305	0.7449082671119038
ASV3182	0.06846969153231441	1.6556578515483205
ASV3191	-0.6401022193258399	2.585780554862148
ASV3197	-0.7664426085775489	1.7955412207557027
ASV3212	2.6761399986917382	-0.25863260641562213
ASV3221	1.4637381317788964	1.024511331172115
ASV3228	3.0964197399789697	0.11138325318825881
ASV3252	1.6610805275613671	0.7844317494345967
ASV3254	1.9034260990793115	0.3093007145835225
ASV3258	0.08600680853670895	-0.2563951672600435
ASV3260	0.39043633963412105	0.48907648906243484
ASV3275	0.7656656983072168	-0.17910761251913776
ASV3293	-0.23990900490933598	0.8611169694377248
ASV330	0.39263169791048824	-0.12396258726584186
ASV3302	-0.09934980843716801	0.7939984737349812
ASV3319	2.551679301517666	0.33530473098290603
ASV3322	1.174282717960537	-0.18072575941550006
ASV3339	-0.9806888816183204	-0.9963463009880709
ASV3346	2.1430129292184716	-0.07939297571646442
ASV3351	-1.0726998565023536	0.4785557328177754
ASV3370	1.9947749855691796	-1.2014542283104586
ASV339	0.6040975334817773	0.32103573665154617
ASV3396	-0.7184284446066016	2.475052171797878
ASV3397	-1.5296304938619727	2.3992559252692525
ASV3415	-3.3617509124105567	2.0614188252402608
ASV3420	-0.6479633567159766	-0.13101524725424518
ASV3428	-0.9825752494161719	1.4368636696053807
ASV3432	0.39087979819124996	-0.6442623795555757
ASV3445	-0.35861713860684574	-1.4125495614098238
ASV3455	-0.02645428155118168	-6.678740328698032
ASV3469	1.472164798038662	-1.5144684971855806
ASV3493	-1.268266987544834	1.777795845122463
ASV3496	0.7038361313516504	1.0757848261309926
ASV3497	-0.15327866051846684	1.1607327102137868
ASV3524	0.7453958275491601	-0.6067281426476168
ASV3569	0.7543589356119043	0.21101861581338088
ASV3570	0.43909900214022457	0.11177545175088088
ASV3605	0.6957494499856836	-7.296457117943637
ASV3642	-1.278257679683506	0.5556704936934773
ASV3644	-1.0243137595480079	0.33505373582375686
ASV3659	-0.9686716315572852	0.2042594490958516
ASV3661	-0.4361217734640235	0.20701413735879104
ASV3663	-1.8630302665060157	0.5418424545241658
ASV3664	-2.9718020675008887	1.4570397822572057
ASV3667	-2.7583716628378028	0.10329764470589797
ASV3676	1.1699320557290918	-2.258360690026157
ASV3695	-1.2415269133871192	-0.0675258101509737
ASV3705	-1.7111886260336036	0.5137129960967366
ASV3717	-0.5800588843649024	0.19659309968484084
ASV3725	0.8662893059427148	-1.1248493851708101
ASV3739	-1.811655831081211	-0.7380726994560884
ASV3741	0.0726477387124902	-0.8127945126579927
ASV3742	-2.778506588680088	0.3219346939040486
ASV3747	-1.0793379065816993	0.05731909856331985
ASV3755	2.481390643375577	-0.9496174515770601
ASV3775	-1.8686912772482032	-0.3814252080010103
ASV3780	-2.8918736693685645	0.2119536934806172
ASV3802	0.7387730362588769	-0.35327166929709186
ASV3816	-2.1592472312276954	-0.027881091980807682
ASV3818	-2.580795597774326	0.3217915235472981
ASV382	0.4386288407022363	2.4304481087638203
ASV3831	2.0262150051767236	-5.429899996666782
ASV384	1.5309945824319726	1.5278233973695103
ASV3868	3.571673321979702	0.39938043937218826
ASV3870	0.2962524178201562	-3.68875057116019
ASV3885	-0.0018723723714941798	0.7910298644019429
ASV3906	-1.9575765845602149	1.6255897520495717
ASV3916	-2.5557931182211036	2.6314280568076436
ASV3945	-1.2925866362875098	0.5683079300834004
ASV3962	-0.23797018502408207	0.08240550145638625
ASV3986	2.1042010071451074	-0.5242813290642427
ASV3997	1.1740085365945703	0.01951461419595013
ASV4005	-3.7065995452230567	1.0305008231116597
ASV4017	-1.545885395747959	-1.247529810814731
ASV4060	3.1551164868051416	-0.2763026417778658
ASV4064	1.5446435692483789	-0.05109531298147907
ASV4082	-0.5316680190389746	-0.06261414900290241
ASV4090	-3.1862090346639746	0.9227022765590016
ASV4092	-3.56529171441251	-0.10413021460043659
ASV4121	-1.4046624419515723	1.5424233464909856
ASV4124	-2.3368933913534278	0.36735051259530227
ASV4125	1.9008247139627343	0.15387957677376907
ASV4128	1.1434752228433496	0.3652767477942769
ASV413	-0.6760233161275977	0.8405578075362508
ASV4138	-1.9041250464742774	1.654727989287502
ASV4156	1.4450799706155664	-5.690673655419223
ASV4170	3.6729876282388574	-1.0232928456352877
ASV4180	2.5754720452005273	-3.309489554314487
ASV4202	-1.6357053038900489	1.1504846899224583
ASV4206	1.5957195046121484	-0.7242069901512789
ASV4208	1.3606240036661035	-1.6308265389488863
ASV421	-0.1952818152731055	-0.024385517983310123
ASV4210	-0.42282421563321293	-1.0715294541405367
ASV4214	-0.5971620795553321	-0.4956312836693453
ASV4221	1.927142071979702	-0.9920380772637056
ASV423	2.1941949608499414	-0.2589877308891939
ASV4320	-0.6017788169210547	0.8040485917044942
ASV4324	-2.9853308913534278	0.9980656741572682
ASV4335	-0.40050489876919926	-0.16427964582907428
ASV4336	-1.521631073695957	-0.01617414370047321
ASV4351	2.1273638489419824	0.14099901303780715
ASV4373	2.0665144207651025	-5.066559618859165
ASV4376	1.544705081241787	-2.2484582127617525
ASV439	0.895736861484707	0.6689496575309102
ASV4400	-1.7873204467123145	-0.6355473460243868
ASV4419	-0.20739347909146488	-0.6568595828102755
ASV4423	-2.3699429747884864	2.576728993506557
ASV4426	-1.6145995375936621	-0.2439310015724825
ASV4437	-0.09402925942593754	0.2980437813712422
ASV4469	-2.101836037380039	0.3340721665335957
ASV4523	-0.6428740737264746	-0.09381396189200153
ASV4528	0.8608733894998437	0.2268910942984883
ASV453	-0.7253134963338965	-0.6378114880608248
ASV4545	-1.882477593166172	1.3007739190397922
ASV4572	1.3047816040689364	-2.964193171410434
ASV459	1.6610962631875879	0.09497147187722366
ASV4590	0.24045197989291012	-0.6825080575035738
ASV4595	-0.2508252379720801	2.333035284133083
ASV462	1.6709968331033593	-0.10592038050162067
ASV4620	-0.5619829413717383	-0.2651764811562227
ASV4632	0.2255265000039941	-0.18281108751761188
ASV4648	1.9210094692880517	-1.7042964161919283
ASV4650	2.5375577690774804	-4.266903704552524
ASV4657	0.9754125359231836	-3.702601260094516
ASV4659	-2.289786648494541	1.687756085248119
ASV4702	-2.5032132384603614	0.3351342616988484
ASV4707	2.005767274158657	-1.3898068131493257
ASV4716	0.624768901127041	0.7072674570990864
ASV4768	2.8548237564737207	-1.419219559578769
ASV4789	-3.214168858272373	1.224262060077316
ASV4796	-3.350279164058506	1.873564773650295
ASV4799	-3.787128758174717	2.0185698209716145
ASV4804	-3.1481278655355567	1.2763603007806603
ASV4824	1.0595428230935937	0.3446423946334187
ASV4835	1.4043046715433007	0.7156519232703511
ASV4863	-0.40480644677334965	1.4699548272801701
ASV4868	-1.4405253646200293	0.7984304367019002
ASV4880	2.3660661461526757	-0.11752385511862506
ASV4889	0.9776121857339746	-0.9636402787254976
ASV4899	0.7525150063211328	0.9840908883525197
ASV4934	0.8221174957925683	-0.16125018015372028
ASV494	-0.8049095389669532	-0.12160903826224079
ASV4944	0.5693780663186914	0.007072740645535092
ASV4946	0.2584873917276269	0.37857347116006057
ASV4969	-0.8461774108236426	2.5063099204016988
ASV4971	1.2287689926797754	0.008963996024258236
ASV5007	-0.4710996863668555	1.706529700608379
ASV5036	0.44208972479647457	-2.5964754284905123
ASV5070	4.7099810126001245	-2.0029636086510347
ASV5097	4.049746918934048	0.4973062215758626
ASV5109	1.5394984963113671	0.37766908988488357
ASV5127	0.856378722446621	1.5972693501426045
ASV5128	2.0603620293313867	1.9665044485045735
ASV5132	2.185078549640835	0.5536170540763203
ASV5157	0.6496006729776269	0.4414103566123311
ASV5159	-0.05234129403287113	-0.8786554993675875
ASV5184	1.0423619034463778	1.9469375549269978
ASV5209	2.5572320702249414	0.6620572148276631
ASV5217	-1.4627803084676856	0.7614928422881428
ASV5233	1.0268489601785546	0.3467898903800313
ASV5272	1.3006269219095126	0.8645691512538258
ASV5318	1.012722659366787	-0.8536093892143892
ASV5319	-0.2874263045614356	-0.4904405535744356
ASV5355	-0.8110616919820899	1.0357012985659901
ASV5377	-0.7653825995748633	0.651567691416866
ASV5385	2.837917971866787	0.7847459255172078
ASV5389	-0.4208520171468848	-0.4464058341072725
ASV539	-2.459308933955967	2.153242939562923
ASV5403	0.50092618491	1.9197766719771687
ASV5414	1.0511495354349023	-0.8482173146294283
ASV5416	-1.2487033126180762	-0.6129087866829561
ASV543	-1.7960093734090918	1.568342262358791
ASV5433	-0.33914978478604496	0.530542665572292
ASV5440	-1.7772997138326758	-0.1023398102806734
ASV5450	1.2224857094461328	-1.5933912457512545
ASV5467	1.0311252358133212	-2.049250191597812
ASV548	0.7004563095743066	-0.030665105728976627
ASV5491	3.78803293730563	0.7534267245246236
ASV5544	1.4535962822610742	1.6212862370921437
ASV5553	2.427878785389127	0.05658524617684524
ASV5573	-0.605382752162754	1.5285669802142445
ASV5576	-0.5853517768209571	0.7764424620581929
ASV5596	1.1548864128763086	-0.12515587225424518
ASV5625	4.162869382160366	-0.33103746786581745
ASV5633	0.3550087692911035	-1.806576794533603
ASV5651	0.4930555107766992	0.06270425900948684
ASV5667	2.5498687508279687	-0.47958511724936237
ASV5676	-1.687650990230381	-2.4454661072777437
ASV5700	0.1420304062539941	-3.074084586052768
ASV5704	3.3590769055063134	-1.3392787636803316
ASV5722	0.3389169457132226	-1.8750990094231295
ASV5742	-2.4951308486288184	1.5725864110900227
ASV5750	4.269562888401211	-0.8258672417687105
ASV5777	-0.18637831185513676	-2.187060421852939
ASV58	0.10085885550326168	-0.6406311453865694
ASV5804	2.502057481067837	-0.6829050244377779
ASV581	0.584206271427334	0.3641729293776814
ASV5827	-1.1747978446310157	1.4873053519440953
ASV583	-1.620935272914707	-1.187379664330356
ASV5832	1.3336998703653222	1.0391043065501515
ASV5836	3.5699061634714013	-3.4619339169548677
ASV585	-2.627926182491123	0.6632848916961018
ASV5852	1.7186652901346093	-3.8270128430412935
ASV5920	0.46183316733187496	-0.23391229525076618
ASV5939	-1.6581743476217383	-1.183264559655063
ASV5954	-0.26008017037564457	-1.6820710362480806
ASV5980	0.496048140781582	0.1434642611457173
ASV600	0.666737723606289	1.5998555062724416
ASV6025	3.119480061786831	-0.44824213400351276
ASV6032	0.008456874149501914	-0.5048624934242891
ASV6034	-2.0432990310018653	0.017224484534390072
ASV6044	-0.5106642958944434	0.5979878841353718
ASV6051	-0.3043850180929297	0.3513602553321187
ASV6060	-0.08114225838833988	0.5184808312369649
ASV6063	-0.6554535147970313	2.3420410691214864
ASV6067	-0.8412922141378516	0.3650661645842854
ASV6094	-0.8474801299398536	-0.41728932276236286
ASV610	-0.21679050896817387	1.7191534577323262
ASV6100	-2.529063534480869	-0.9004269303368257
ASV6134	0.0507523300821191	0.5170641480399434
ASV6136	-1.1193683860128516	-1.2422745884941744
ASV6138	-0.5099890944784278	-1.0616226853417086
ASV6143	4.581355381267727	-0.1254583062218355
ASV616	1.39206092383212	-3.2888301075981783
ASV6163	-0.4394815680807227	-0.3567873896645235
ASV6171	2.097575831669033	0.5717407999945943
ASV6223	1.770403552311123	-0.012154883293979069
ASV6249	3.6248642685586816	-0.30979794874655475
ASV6281	0.8364855530435449	1.0703293769074742
ASV630	1.4433528664285546	-1.9436608017967867
ASV6304	-3.8088544127767676	1.0305581031752888
ASV6321	2.941631245868863	-1.2074618996666597
ASV6327	-0.08668501351529301	1.0586560009433095
ASV6335	-1.4793518302267188	-1.175773447899692
ASV6384	1.715011763828457	0.6495541273070637
ASV6394	-0.9525087592428321	-0.6222640933083223
ASV6423	4.49387793566531	-1.8939846219109224
ASV6451	-0.19512016747647465	-0.6508701504753756
ASV6459	-0.839825939876377	-0.8762796582268404
ASV6463	-0.02603466485196293	0.4632703004790608
ASV6481	-0.3780239341085547	0.4951348243666951
ASV6499	-3.1827958342855567	0.8420761464549367
ASV6509	-1.9150818106954688	1.6681933043910329
ASV651	2.5306400540048486	0.8315650163604085
ASV6512	0.7677366020852929	-0.45176500692831745
ASV6548	-0.33672459099942387	0.20081024751198928
ASV6561	1.0799209358865625	-1.7216664017723726
ASV6573	2.1574825527841464	-0.7894182862328218
ASV6582	-0.9965017554586524	-0.462984985260837
ASV6589	-1.089199375850498	0.5992803512526814
ASV6596	2.2469712975198632	0.572220378966457
ASV6600	-2.0686600920980567	0.8926601646853749
ASV6601	-1.7560299155538672	0.3136915503455464
ASV6615	1.7662216904336816	0.3742920099211995
ASV6623	-0.3754256484335059	1.924293213935024
ASV6635	-2.909314465267002	0.48435687407982986
ASV6651	-0.516623806697666	-0.1425018967674898
ASV6660	-0.7444203612630957	-0.31450051680075397
ASV6677	0.7215406181985742	1.105294668526775
ASV6695	0.08778255011385738	0.514924579711086
ASV6702	-0.3695176360433692	2.932849222273952
ASV6716	-0.7382477042501563	-0.40763396635519733
ASV6724	-1.1103890654867286	-1.380074805168979
ASV6758	4.929207849758328	-0.7875409783409761
ASV6786	1.9214333775216943	0.4312474070502583
ASV6789	0.3920323136026269	0.8324575661135976
ASV6794	-0.1295164344137305	-3.8824423016594576
ASV6809	-0.5140169379537696	-0.7849884690331148
ASV6815	1.5352651360208398	0.9021347700072591
ASV6822	1.3366953613931543	-2.6512928666161226
ASV6824	-3.787272762996494	3.892707997412807
ASV6872	1.1537391426736718	0.7171024023009602
ASV6873	4.313630867260159	-0.19149941816794147
ASV6876	-0.7450512168233985	-0.7108498276756929
ASV6895	-2.4478781935995215	-0.21318907156454792
ASV6906	-0.27101595376187504	0.3199258981658284
ASV691	1.8186749699289209	-0.6392231644676851
ASV6945	-1.0307524916952246	1.0421553789092366
ASV6947	-0.2248199698751563	0.7610502778006856
ASV6952	-1.0982497451131934	1.315541841500825
ASV6956	-2.015924286586582	1.4397207586480443
ASV6960	-1.3212416884725684	0.9548101364089314
ASV6984	3.932024169223965	-0.5372640551613497
ASV6996	1.4826423409158593	-1.430106943993442
ASV6998	-1.230915856105625	0.4177812276793782
ASV7009	3.2156495335275537	-1.1076861084984468
ASV7043	-0.899699043971836	0.6831874190284077
ASV706	-0.252090286952793	1.0553640960170094
ASV7066	3.518988061206997	-0.807191676049106
ASV7089	1.5891229393655664	2.1116545139266316
ASV71	1.8669342281991845	-0.7879024209068941
ASV7116	1.698114562290371	-1.0172296227501558
ASV7118	-0.03524143670254887	-1.9344940842674898
ASV7126	0.437362838047207	-2.3303576172875093
ASV7143	-2.5534404036825293	2.8981456099463765
ASV7154	-0.9096339461629981	-0.6450334252403902
ASV7156	-1.3669250724142188	-0.6640635193871187
ASV716	-1.605009388667881	2.476560526938564
ASV7165	-0.23057110284024418	0.3692328272773091
ASV7185	1.511304545658291	-1.5549441041039156
ASV72	-0.7563942191427344	-2.290526694207065
ASV7216	-0.8402336356466407	-0.020032233147494694
ASV7223	2.0527981999093896	-1.1510816277550386
ASV7237	0.6711775543863183	-0.30177206411825885
ASV729	-0.025609802944003945	0.5861842571212117
ASV731	0.4077293160135156	-0.20425600424277057
ASV7316	-1.5232094046896094	0.21561616048348586
ASV7388	-2.4863446471517676	-0.41124612703787555
ASV739	0.2977458717996484	0.18597441300881545
ASV7391	-2.3798096892660254	0.8571969209624593
ASV7400	1.9564611199075586	-0.6869611205147432
ASV7402	-1.2966631171529883	1.7115071950866048
ASV7419	-0.21268255685025395	0.687680059523708
ASV7426	-1.7167118308370704	0.8884790180636708
ASV7434	0.7732474091226464	-2.0416050614403414
ASV7444	-0.7734959838216895	-0.6657638014839815
ASV7452	-0.4417689559286231	-0.2964585484551119
ASV7462	1.4551150086099511	-0.031729763893954654
ASV7471	0.29969327475374996	1.8253565965606038
ASV7502	-0.04234011147671879	-1.73515850916373
ASV7513	1.0237528565103418	-0.5847305716561007
ASV7528	-0.3288901564901465	0.1650714217139546
ASV753	0.8374501946145898	-1.8156669796990084
ASV7536	-1.7791980025594825	1.5132267712069813
ASV7552	1.367937731998623	-0.3693332137154268
ASV7567	-1.3701546904867286	1.1610849289609257
ASV7584	-1.7376173255270118	0.9324954091025655
ASV7606	2.8922826531106836	-0.4520821036385225
ASV7612	0.032698798435390586	-2.199964350609653
ASV7616	1.299806285160244	0.15318840131295364
ASV7631	1.9812866928750879	-5.989209956078403
ASV7635	0.3805276634866601	1.5108148990584676
ASV7671	0.3592888596231347	-0.5254108370827364
ASV7689	1.4167849304849511	0.2477571307135884
ASV7694	0.891771960514248	0.14289718255532424
ASV7718	-0.4543731925314063	-1.1484490098045992
ASV7733	-0.373059582454502	2.4694907008124654
ASV7743	2.1773564102823144	-0.4390080632256197
ASV7747	2.0329503300363427	0.05054324254525344
ASV7750	1.225805449741543	-0.2617532671974825
ASV7790	1.5232812645608789	-2.332939213662021
ASV78	0.959671187656582	1.0468809245539967
ASV7806	0.4469610932046777	1.4674156098080937
ASV7820	-1.1817415473287696	2.9787654219580952
ASV7822	3.4980584862405664	1.0788838802291218
ASV7924	5.317922371881664	-0.626203602700107
ASV797	-0.44572956536465824	-0.47623450174795856
ASV7976	0.7879921677286035	-0.7705474556969332
ASV7980	1.0607978584939843	-2.107435053734653
ASV7985	-0.15463907693082035	-1.390772169976108
ASV8008	-2.1636465308492774	0.6410844860984151
ASV8024	2.180994439380825	-0.40332538500296344
ASV8029	-1.1358764884298438	0.3226583538962666
ASV8066	2.2192878010446435	0.025184804053432153
ASV8082	3.8929601195032006	-1.906996077446811
ASV8092	-1.459797692043125	0.6871173320723836
ASV8112	0.5754982712442285	0.1630093394233052
ASV813	-0.5136554953878516	-0.953478878884189
ASV8155	-1.5129931685751075	0.21171241387856643
ASV8167	-0.9393189666097754	0.25645940885079543
ASV8177	1.707555938022793	-0.8072167099999117
ASV8187	-0.00643331978970707	1.9927686391784016
ASV8188	1.9602259876901513	-0.34206444635855426
ASV8191	0.45977466131991207	-4.149232214836948
ASV8193	0.6154472115213281	-1.6366201104210543
ASV8218	-0.13994486306363285	1.2414566962434117
ASV822	-0.8705323455160254	-0.05121774092184772
ASV8229	-2.1993315932577246	-0.8127225102471041
ASV8254	-0.5493944403951758	-1.254541939644687
ASV8276	-2.5617697951620215	-1.5609110058830904
ASV8291	0.09658496405428707	-0.7219227017449068
ASV8295	-2.0945533034628028	0.2705154953910176
ASV8299	-0.03803427193814457	-1.1412950219200777
ASV830	-0.10715420220547855	1.2734833782924477
ASV8336	-2.715715718013584	-0.2059230269478487
ASV8344	0.17906730200594723	-2.4600344361351656
ASV8363	-0.6459620711629981	-0.32707554712759723
ASV8371	-2.020135235530674	0.4273368655158345
ASV8383	-1.227843117458164	-0.4237865866707491
ASV8395	-0.42870409463101566	0.5317379175139729
ASV8399	3.003139662998379	-1.074812239556186
ASV841	3.3885189774209863	-3.1401794613884615
ASV8416	2.7438492062265283	-1.6339920224236177
ASV8423	-1.8310583350484961	2.001553410143978
ASV8445	1.7101704361612207	0.21400004014504592
ASV8463	-2.033865761501133	-0.6637259186791109
ASV8470	0.2572023155862695	-1.0419390858696627
ASV8490	0.5589153053933984	-1.8749206723259615
ASV8506	-0.8032930610006446	1.4766722558451955
ASV8547	-0.1357701537435645	0.2593186436606709
ASV8552	-1.6491564032858008	0.6939244209243123
ASV857	3.119535851734341	1.357632489354736
ASV8586	1.9656063797647363	1.5579026876403157
ASV8588	0.1545736077005273	-0.018764084725253483
ASV8590	0.523704219120205	-0.4476212920235323
ASV8597	0.05263154532259762	0.3801458416892354
ASV8725	-1.5703657386129493	0.6390627561522786
ASV8765	1.6835061791116601	1.7201349674178426
ASV8775	-0.8533085105245704	-0.7334366501854586
ASV8789	-1.6662195441549414	2.37176423654092
ASV8790	0.13393466498202145	1.1081319241238896
ASV8796	0.7203695061380273	-2.0401874245690035
ASV8799	0.8467108490640527	-0.2152776183174776
ASV8827	2.4517654659921533	-5.243448084740512
ASV8873	2.5386218311960107	0.3708669482184712
ASV8874	-2.54846985314542	2.2533526359511677
ASV8906	0.16001384283846676	-1.1750512780235933
ASV8926	0.4399267914468652	-0.695654696373813
ASV8930	-0.9098351714437598	0.9859452186538045
ASV894	0.5962125542337304	-1.808370179085605
ASV897	1.0172187569314843	-0.23655969515310993
ASV9010	1.273295569675625	-0.21333498373495807
ASV9046	3.7239076378518945	-0.2633031071709322
ASV9067	-0.8082526442831153	-2.1215096177147554
ASV910	-1.899506401759922	-1.620017832665317
ASV9109	0.512410331028164	1.6849321065856282
ASV9115	-0.3620455977743262	2.380819731803066
ASV915	1.0350105049783593	-1.6044676960991548
ASV9154	-1.2713144538229102	1.2285530506087605
ASV916	0.7691489937478906	-1.6577442349480318
ASV9190	-0.5521081206625098	1.164484390468723
ASV9197	1.141126323002041	-0.33426744356619587
ASV922	0.24168889548128902	-2.618705815224521
ASV9240	-3.2703011748617286	1.7069787918044392
ASV9253	0.6301304581338769	-2.1525700749443697
ASV9264	1.0768982651407129	-0.0789938630150484
ASV9323	1.0294520142251864	-2.41051251306998
ASV9328	0.5261012795144921	0.8180695413066212
ASV9339	1.9583434345895654	-1.2751167477654146
ASV934	-1.2734592673605079	-1.0251603783653902
ASV9363	3.70016353155917	-4.433023280053012
ASV9427	0.29276101614779293	-0.6043182076500582
ASV9430	-1.0162609336202735	0.9082592366648976
ASV9431	-2.109099220973789	2.0618554888678853
ASV9450	-1.6246436354940528	1.27833788603676
ASV9460	2.4358827355081445	-6.0950744809197115
ASV9465	-1.8784945723837012	-0.35469681635367145
ASV9489	-0.5621245620077246	-0.06719178572165241
ASV9492	-0.8577926871603125	1.3336833579851453
ASV9497	-1.4566434142416114	0.8733724592639271
ASV9509	0.25314013983553707	-1.8656926812218355
ASV9537	-1.60265047524625	0.47571223363412063
ASV9540	-0.29282505486661137	-0.49760097876059284
ASV9542	-0.5061023948019141	-0.5438404740379976
ASV9560	-0.336649727565586	-0.1429058970497774
ASV9564	-2.1669333693807715	-0.5927620591210054
ASV9572	1.0823108437234765	-0.17989963903891315
ASV9609	-1.119139504176914	0.8721211193515126
ASV9636	-3.016161274654209	-0.9266339005516695
ASV9640	-0.1224039313619727	0.020490103812344174
ASV9641	-1.4259374854391211	0.6585228978110615
ASV9643	-2.1971104857748145	0.4209608970595662
ASV9677	1.0955921890909082	-0.34136742964255085
ASV9684	0.780230212467373	0.1754670678092305
ASV9704	2.0585211994821435	0.6489940820647542
ASV9710	1.9398690941507235	-1.265828675179355
ASV9730	-3.334410023433506	-0.27365011587607135
ASV9758	-2.4243376967733496	-0.7300747098015474
ASV9774	-0.10424072716885746	0.6696213422728841
ASV9775	-2.7087491271322364	2.1903033195449177
ASV9783	-2.5069277999227637	1.4144377423836056
ASV982	1.068550753849209	-0.45855850592123737
ASV9850	-1.0935471770589942	-1.3173239888237642
ASV987	0.9101468804056054	-0.05633229628073444
ASV9920	-2.019497227412998	1.6914278207732503
ASV9924	-0.912312340480625	-0.14070243254172077
ASV9935	-0.6105068442648047	-5.46180850878226
ASV9943	-0.11554701302701176	0.9266608594371144
ASV9977	-1.1621039626424903	0.26581125840676467
ASV999	0.21863954092806637	0.8832211135340993
